id,team_id,season,week,slot,player_id,is_auto_filled,created_at,updated_at
d5c848ec-baa1-4851-8aa4-509537b1584b,691d27dd-6907-46c5-a0af-fafa2dfe95c2,2025,1,QB,00-0034796,True,2026-08-27T19:20:46.865153+00:00,2026-08-27T19:20:46.865153+00:00
a899fab3-e615-4857-8bea-63fe2de5dd78,691d27dd-6907-46c5-a0af-fafa2dfe95c2,2025,1,RB1,00-0034844,True,2026-08-27T19:20:46.865153+00:00,2026-08-27T19:20:46.865153+00:00
418f0f8f-c1f4-481f-9e26-efe414d32a06,691d27dd-6907-46c5-a0af-fafa2dfe95c2,2025,1,RB2,00-0039139,True,2026-08-27T19:20:46.865153+00:00,2026-08-27T19:20:46.865153+00:00
bcc1c42d-ea70-463e-a9ea-c3e59afb520f,691d27dd-6907-46c5-a0af-fafa2dfe95c2,2025,1,WR1,00-0036900,True,2026-08-27T19:20:46.865153+00:00,2026-08-27T19:20:46.865153+00:00
a58992a4-fa78-447f-9f8a-f1b603ed60ad,691d27dd-6907-46c5-a0af-fafa2dfe95c2,2025,1,WR2,00-0039075,True,2026-08-27T19:20:46.865153+00:00,2026-08-27T19:20:46.865153+00:00
0476a66e-5279-4043-8f90-9299bc939e17,691d27dd-6907-46c5-a0af-fafa2dfe95c2,2025,1,TE,00-0033288,True,2026-08-27T19:20:46.865153+00:00,2026-08-27T19:20:46.865153+00:00
2887d651-3e9d-4382-a8d6-b4e2a0380ec0,691d27dd-6907-46c5-a0af-fafa2dfe95c2,2025,1,FLEX,00-0038542,True,2026-08-27T19:20:46.865153+00:00,2026-08-27T19:20:46.865153+00:00
01be75db-3ddc-4b87-9d6b-c6a96bc20a7b,691d27dd-6907-46c5-a0af-fafa2dfe95c2,2025,1,K,00-0031136,True,2026-08-27T19:20:46.865153+00:00,2026-08-27T19:20:46.865153+00:00
a1a466fd-3083-455b-a966-2a8ec235e76b,691d27dd-6907-46c5-a0af-fafa2dfe95c2,2025,1,DST,DST_DEN,True,2026-08-27T19:20:46.865153+00:00,2026-08-27T19:20:46.865153+00:00
5a2eaf06-1a5c-407f-820f-99b0f5a9fc70,691d27dd-6907-46c5-a0af-fafa2dfe95c2,2025,2,QB,00-0034857,True,2026-08-27T19:20:46.865153+00:00,2026-08-27T19:20:46.865153+00:00
3202b546-730e-433b-b9f6-32e0c430f5f2,691d27dd-6907-46c5-a0af-fafa2dfe95c2,2025,2,RB1,00-0032764,True,2026-08-27T19:20:46.865153+00:00,2026-08-27T19:20:46.865153+00:00
029416ad-a9e5-4dde-8b6b-db58f3671e6d,691d27dd-6907-46c5-a0af-fafa2dfe95c2,2025,2,RB2,00-0033280,True,2026-08-27T19:20:46.865153+00:00,2026-08-27T19:20:46.865153+00:00
b6e859ed-b36a-4681-8073-ca539330aa09,691d27dd-6907-46c5-a0af-fafa2dfe95c2,2025,2,WR1,00-0039064,True,2026-08-27T19:20:46.865153+00:00,2026-08-27T19:20:46.865153+00:00
ab0b755f-2642-473f-bf1d-9a659b53d32e,691d27dd-6907-46c5-a0af-fafa2dfe95c2,2025,2,WR2,00-0039901,True,2026-08-27T19:20:46.865153+00:00,2026-08-27T19:20:46.865153+00:00
523b6f9f-df1a-40d7-b6ac-5865f6d25aa9,691d27dd-6907-46c5-a0af-fafa2dfe95c2,2025,2,TE,00-0036040,True,2026-08-27T19:20:46.865153+00:00,2026-08-27T19:20:46.865153+00:00
607ad44a-3c2b-479e-85cf-f45a02b65b16,691d27dd-6907-46c5-a0af-fafa2dfe95c2,2025,2,FLEX,00-0038544,True,2026-08-27T19:20:46.865153+00:00,2026-08-27T19:20:46.865153+00:00
ccb6cf03-3c4a-43fa-90b8-1aa6bcbcd739,691d27dd-6907-46c5-a0af-fafa2dfe95c2,2025,2,K,00-0039576,True,2026-08-27T19:20:46.865153+00:00,2026-08-27T19:20:46.865153+00:00
b6b9938c-53b3-4df5-af1d-564d453af7b6,691d27dd-6907-46c5-a0af-fafa2dfe95c2,2025,2,DST,DST_IND,True,2026-08-27T19:20:46.865153+00:00,2026-08-27T19:20:46.865153+00:00
345d7c0d-687d-4b44-a8d3-f8f816a5d4e7,691d27dd-6907-46c5-a0af-fafa2dfe95c2,2025,3,QB,00-0035710,True,2026-08-27T19:20:46.865153+00:00,2026-08-27T19:20:46.865153+00:00
099ef66c-5641-4702-8f8e-6e7a003cb0d2,691d27dd-6907-46c5-a0af-fafa2dfe95c2,2025,3,RB1,00-0037248,True,2026-08-27T19:20:46.865153+00:00,2026-08-27T19:20:46.865153+00:00
042a53cf-2585-45a9-b169-a7878825ce34,691d27dd-6907-46c5-a0af-fafa2dfe95c2,2025,3,RB2,00-0036997,True,2026-08-27T19:20:46.865153+00:00,2026-08-27T19:20:46.865153+00:00
d1e7e5d9-42f1-45a2-955e-b7eb2598782c,691d27dd-6907-46c5-a0af-fafa2dfe95c2,2025,3,WR1,00-0039337,True,2026-08-27T19:20:46.865153+00:00,2026-08-27T19:20:46.865153+00:00
e88099fd-e70c-41ef-b349-ecf4ad941fd7,691d27dd-6907-46c5-a0af-fafa2dfe95c2,2025,3,WR2,00-0036963,True,2026-08-27T19:20:46.865153+00:00,2026-08-27T19:20:46.865153+00:00
e17a139e-a509-4f8c-8174-9ed98995dbd2,691d27dd-6907-46c5-a0af-fafa2dfe95c2,2025,3,TE,00-0038996,True,2026-08-27T19:20:46.865153+00:00,2026-08-27T19:20:46.865153+00:00
fa64a2cd-1e34-48b5-a32c-87586127b697,691d27dd-6907-46c5-a0af-fafa2dfe95c2,2025,3,FLEX,00-0039919,True,2026-08-27T19:20:46.865153+00:00,2026-08-27T19:20:46.865153+00:00
1d019dba-ead7-4344-955a-891ad56a6cdc,691d27dd-6907-46c5-a0af-fafa2dfe95c2,2025,3,K,00-0037542,True,2026-08-27T19:20:46.865153+00:00,2026-08-27T19:20:46.865153+00:00
bb1ac53a-f93d-4260-aeec-ea1899718dc4,691d27dd-6907-46c5-a0af-fafa2dfe95c2,2025,3,DST,DST_ATL,True,2026-08-27T19:20:46.865153+00:00,2026-08-27T19:20:46.865153+00:00
5105a182-037a-4dd3-b775-17a04ce340c8,691d27dd-6907-46c5-a0af-fafa2dfe95c2,2025,4,QB,00-0039918,True,2026-08-27T19:20:46.865153+00:00,2026-08-27T19:20:46.865153+00:00
372334f5-16f8-43e5-8599-d97acd620c0e,691d27dd-6907-46c5-a0af-fafa2dfe95c2,2025,4,RB1,00-0036223,True,2026-08-27T19:20:46.865153+00:00,2026-08-27T19:20:46.865153+00:00
a928b71b-ee8e-4ef2-9856-33833e433a74,691d27dd-6907-46c5-a0af-fafa2dfe95c2,2025,4,RB2,00-0039040,True,2026-08-27T19:20:46.865153+00:00,2026-08-27T19:20:46.865153+00:00
be7f6b53-b981-4f11-b421-23919852ef9c,691d27dd-6907-46c5-a0af-fafa2dfe95c2,2025,4,WR1,00-0038563,True,2026-08-27T19:20:46.865153+00:00,2026-08-27T19:20:46.865153+00:00
813f2109-cc6d-4e0e-9eef-7a9b9cbe7eb3,691d27dd-6907-46c5-a0af-fafa2dfe95c2,2025,4,WR2,00-0038543,True,2026-08-27T19:20:46.865153+00:00,2026-08-27T19:20:46.865153+00:00
c6513264-a6a6-4953-a061-2df3f8f1b83e,691d27dd-6907-46c5-a0af-fafa2dfe95c2,2025,4,TE,00-0038041,True,2026-08-27T19:20:46.865153+00:00,2026-08-27T19:20:46.865153+00:00
5cf798ee-1585-43c6-bc19-19616c855791,691d27dd-6907-46c5-a0af-fafa2dfe95c2,2025,4,FLEX,00-0030279,True,2026-08-27T19:20:46.865153+00:00,2026-08-27T19:20:46.865153+00:00
9929389f-df79-4ac0-84a6-4eade0863a4e,691d27dd-6907-46c5-a0af-fafa2dfe95c2,2025,4,K,00-0035192,True,2026-08-27T19:20:46.865153+00:00,2026-08-27T19:20:46.865153+00:00
367c282c-135f-4d1e-ba19-0ee7ed628771,691d27dd-6907-46c5-a0af-fafa2dfe95c2,2025,4,DST,DST_MIN,True,2026-08-27T19:20:46.865153+00:00,2026-08-27T19:20:46.865153+00:00
97d4191b-d060-46cf-ae66-ee1b9812b57e,691d27dd-6907-46c5-a0af-fafa2dfe95c2,2025,5,QB,00-0033873,True,2026-08-27T19:20:46.865153+00:00,2026-08-27T19:20:46.865153+00:00
4abfb4ac-06fb-4d09-bcaf-29e168b6d955,691d27dd-6907-46c5-a0af-fafa2dfe95c2,2025,5,RB1,00-0036973,True,2026-08-27T19:20:46.865153+00:00,2026-08-27T19:20:46.865153+00:00
f4695547-56e8-40b5-a725-5352ec53cb49,691d27dd-6907-46c5-a0af-fafa2dfe95c2,2025,5,RB2,00-0040784,True,2026-08-27T19:20:46.865153+00:00,2026-08-27T19:20:46.865153+00:00
ee8b5020-ab66-4a45-8126-a0e8bb9030bb,691d27dd-6907-46c5-a0af-fafa2dfe95c2,2025,5,WR1,00-0037740,True,2026-08-27T19:20:46.865153+00:00,2026-08-27T19:20:46.865153+00:00
bfa9b970-45ac-46c4-83b6-8706761cdf1d,691d27dd-6907-46c5-a0af-fafa2dfe95c2,2025,5,WR2,00-0037247,True,2026-08-27T19:20:46.865153+00:00,2026-08-27T19:20:46.865153+00:00
b89325de-b296-4319-8926-621c155cfb26,691d27dd-6907-46c5-a0af-fafa2dfe95c2,2025,5,TE,00-0031610,True,2026-08-27T19:20:46.865153+00:00,2026-08-27T19:20:46.865153+00:00
4ee6aba6-4b4e-4f22-9ca1-5d8f3e39e81c,691d27dd-6907-46c5-a0af-fafa2dfe95c2,2025,5,FLEX,00-0040129,True,2026-08-27T19:20:46.865153+00:00,2026-08-27T19:20:46.865153+00:00
a7dce572-77d7-4242-adac-eb2d178b71e7,691d27dd-6907-46c5-a0af-fafa2dfe95c2,2025,5,K,00-0037692,True,2026-08-27T19:20:46.865153+00:00,2026-08-27T19:20:46.865153+00:00
c0f6421d-6f93-447a-bccc-d3c9e5abc2dc,691d27dd-6907-46c5-a0af-fafa2dfe95c2,2025,5,DST,DST_SEA,True,2026-08-27T19:20:46.865153+00:00,2026-08-27T19:20:46.865153+00:00
0b94805d-e53b-4575-a986-022932f83fb1,691d27dd-6907-46c5-a0af-fafa2dfe95c2,2025,6,QB,00-0036945,True,2026-08-27T19:20:46.865153+00:00,2026-08-27T19:20:46.865153+00:00
2f095863-af34-4499-8181-26170f12c4b6,691d27dd-6907-46c5-a0af-fafa2dfe95c2,2025,6,RB1,00-0035700,True,2026-08-27T19:20:46.865153+00:00,2026-08-27T19:20:46.865153+00:00
6f218025-5353-4408-a898-8aa9a24dbefd,691d27dd-6907-46c5-a0af-fafa2dfe95c2,2025,6,RB2,00-0037840,True,2026-08-27T19:20:46.865153+00:00,2026-08-27T19:20:46.865153+00:00
2dd44b72-eca5-49e1-bb1b-5c4b29af23bd,691d27dd-6907-46c5-a0af-fafa2dfe95c2,2025,6,WR1,00-0035719,True,2026-08-27T19:20:46.865153+00:00,2026-08-27T19:20:46.865153+00:00
c947c57b-6f8b-43bd-a5e9-3a38de3ad2dd,691d27dd-6907-46c5-a0af-fafa2dfe95c2,2025,6,WR2,00-0034348,True,2026-08-27T19:20:46.865153+00:00,2026-08-27T19:20:46.865153+00:00
14fa73b8-62fa-4765-bc88-d2b4d58f31a4,691d27dd-6907-46c5-a0af-fafa2dfe95c2,2025,6,TE,00-0040128,True,2026-08-27T19:20:46.865153+00:00,2026-08-27T19:20:46.865153+00:00
3e84ca47-4ee4-4b4d-9383-ad92ec4252c3,691d27dd-6907-46c5-a0af-fafa2dfe95c2,2025,6,FLEX,00-0036252,True,2026-08-27T19:20:46.865153+00:00,2026-08-27T19:20:46.865153+00:00
b0dd576e-68ed-432a-a0fe-a0a6d34c4590,691d27dd-6907-46c5-a0af-fafa2dfe95c2,2025,6,K,00-0034173,True,2026-08-27T19:20:46.865153+00:00,2026-08-27T19:20:46.865153+00:00
ef2851d0-6d7c-4512-9951-a65eb29835a9,691d27dd-6907-46c5-a0af-fafa2dfe95c2,2025,6,DST,DST_JAX,True,2026-08-27T19:20:46.865153+00:00,2026-08-27T19:20:46.865153+00:00
41201193-5fd0-4773-8145-9b9f180ad066,691d27dd-6907-46c5-a0af-fafa2dfe95c2,2025,7,QB,00-0034855,True,2026-08-27T19:20:46.865153+00:00,2026-08-27T19:20:46.865153+00:00
3566b195-8664-446e-b875-09fd6a038d0a,691d27dd-6907-46c5-a0af-fafa2dfe95c2,2025,7,RB1,00-0040715,True,2026-08-27T19:20:46.865153+00:00,2026-08-27T19:20:46.865153+00:00
f27b2274-e085-46b3-8701-c4cc06bdd786,691d27dd-6907-46c5-a0af-fafa2dfe95c2,2025,7,RB2,00-0040122,True,2026-08-27T19:20:46.865153+00:00,2026-08-27T19:20:46.865153+00:00
b10b2002-ccf2-44b2-877b-bf902dd36a69,691d27dd-6907-46c5-a0af-fafa2dfe95c2,2025,7,WR1,00-0036358,True,2026-08-27T19:20:46.865153+00:00,2026-08-27T19:20:46.865153+00:00
87ffc76c-1320-43c0-8cdb-a76da9bf1fbc,691d27dd-6907-46c5-a0af-fafa2dfe95c2,2025,7,WR2,00-0037238,True,2026-08-27T19:20:46.865153+00:00,2026-08-27T19:20:46.865153+00:00
5913051b-52e1-4652-b75a-d3bc7e0db02d,691d27dd-6907-46c5-a0af-fafa2dfe95c2,2025,7,TE,00-0034351,True,2026-08-27T19:20:46.865153+00:00,2026-08-27T19:20:46.865153+00:00
afc1c80b-41ac-4cb4-a207-dd856cfeb7ea,691d27dd-6907-46c5-a0af-fafa2dfe95c2,2025,7,FLEX,00-0036322,True,2026-08-27T19:20:46.865153+00:00,2026-08-27T19:20:46.865153+00:00
74eda7ea-14bf-407d-9d12-ab0221b026ef,691d27dd-6907-46c5-a0af-fafa2dfe95c2,2025,7,K,00-0032726,True,2026-08-27T19:20:46.865153+00:00,2026-08-27T19:20:46.865153+00:00
eb825ad8-ed7a-48a2-8843-b905cd40dcbf,691d27dd-6907-46c5-a0af-fafa2dfe95c2,2025,7,DST,DST_PIT,True,2026-08-27T19:20:46.865153+00:00,2026-08-27T19:20:46.865153+00:00
7d1fa58e-8241-4e04-bc60-26ef7b1a3698,691d27dd-6907-46c5-a0af-fafa2dfe95c2,2025,8,QB,00-0036389,True,2026-08-27T19:20:46.865153+00:00,2026-08-27T19:20:46.865153+00:00
3af464b1-576b-4a00-9083-3132276c3424,691d27dd-6907-46c5-a0af-fafa2dfe95c2,2025,8,RB1,00-0036275,True,2026-08-27T19:20:46.865153+00:00,2026-08-27T19:20:46.865153+00:00
584fd734-7c55-4215-ad9f-7b58ca2d8399,691d27dd-6907-46c5-a0af-fafa2dfe95c2,2025,8,RB2,00-0037228,True,2026-08-27T19:20:46.865153+00:00,2026-08-27T19:20:46.865153+00:00
63f84abb-0e63-4940-afba-5e5d1e97d29a,691d27dd-6907-46c5-a0af-fafa2dfe95c2,2025,8,WR1,00-0039067,True,2026-08-27T19:20:46.865153+00:00,2026-08-27T19:20:46.865153+00:00
5db29e20-87c1-47e0-8e95-804b15d40865,691d27dd-6907-46c5-a0af-fafa2dfe95c2,2025,8,WR2,00-0038994,True,2026-08-27T19:20:46.865153+00:00,2026-08-27T19:20:46.865153+00:00
dad08114-2ce3-4522-a459-d7c3e84c655e,691d27dd-6907-46c5-a0af-fafa2dfe95c2,2025,8,TE,00-0038933,True,2026-08-27T19:20:46.865153+00:00,2026-08-27T19:20:46.865153+00:00
3cf569da-1af2-4b90-9d1f-ee4078b71ca0,691d27dd-6907-46c5-a0af-fafa2dfe95c2,2025,8,FLEX,00-0037239,True,2026-08-27T19:20:46.865153+00:00,2026-08-27T19:20:46.865153+00:00
580eef6b-d928-444a-b1ed-7d2e193255c2,691d27dd-6907-46c5-a0af-fafa2dfe95c2,2025,8,K,00-0039404,True,2026-08-27T19:20:46.865153+00:00,2026-08-27T19:20:46.865153+00:00
a80a9495-0468-400a-b180-1ac36d5223e8,691d27dd-6907-46c5-a0af-fafa2dfe95c2,2025,8,DST,DST_HOU,True,2026-08-27T19:20:46.865153+00:00,2026-08-27T19:20:46.865153+00:00
bf849b37-927c-423a-b69b-90b8e89304f8,691d27dd-6907-46c5-a0af-fafa2dfe95c2,2025,9,QB,00-0039851,True,2026-08-27T19:20:46.865153+00:00,2026-08-27T19:20:46.865153+00:00
d18bcc2b-86c8-489a-b150-23222dce70e5,691d27dd-6907-46c5-a0af-fafa2dfe95c2,2025,9,RB1,00-0036139,True,2026-08-27T19:20:46.865153+00:00,2026-08-27T19:20:46.865153+00:00
6ce1ed6a-04ec-4e63-9ce6-c31ca4b6eb7e,691d27dd-6907-46c5-a0af-fafa2dfe95c2,2025,9,RB2,00-0036158,True,2026-08-27T19:20:46.865153+00:00,2026-08-27T19:20:46.865153+00:00
955ee3b8-b1ca-454c-adf2-577192981af3,691d27dd-6907-46c5-a0af-fafa2dfe95c2,2025,9,WR1,00-0031381,True,2026-08-27T19:20:46.865153+00:00,2026-08-27T19:20:46.865153+00:00
25cd09c0-6cf5-4c7e-b063-eb69c0baf7c7,691d27dd-6907-46c5-a0af-fafa2dfe95c2,2025,9,WR2,00-0035640,True,2026-08-27T19:20:46.865153+00:00,2026-08-27T19:20:46.865153+00:00
bddc755e-5cff-4eed-91cb-c0a1347ad60b,691d27dd-6907-46c5-a0af-fafa2dfe95c2,2025,9,TE,00-0037744,True,2026-08-27T19:20:46.865153+00:00,2026-08-27T19:20:46.865153+00:00
5d7ff631-4ff3-4f67-b233-7a262c5f0391,691d27dd-6907-46c5-a0af-fafa2dfe95c2,2025,9,FLEX,00-0036613,True,2026-08-27T19:20:46.865153+00:00,2026-08-27T19:20:46.865153+00:00
789ed903-c863-4558-87ce-eb5339e36c2e,691d27dd-6907-46c5-a0af-fafa2dfe95c2,2025,9,K,00-0031492,True,2026-08-27T19:20:46.865153+00:00,2026-08-27T19:20:46.865153+00:00
33a662cc-7e49-43ed-9216-cb1ad6055555,691d27dd-6907-46c5-a0af-fafa2dfe95c2,2025,9,DST,DST_NE,True,2026-08-27T19:20:46.865153+00:00,2026-08-27T19:20:46.865153+00:00
d1c5cf7e-0d3a-4a98-b7cb-794f0d884a0f,691d27dd-6907-46c5-a0af-fafa2dfe95c2,2025,10,QB,00-0036355,True,2026-08-27T19:20:46.865153+00:00,2026-08-27T19:20:46.865153+00:00
045af5e0-c78f-43e2-afa8-4301979502ea,691d27dd-6907-46c5-a0af-fafa2dfe95c2,2025,10,RB1,00-0038120,True,2026-08-27T19:20:46.865153+00:00,2026-08-27T19:20:46.865153+00:00
5e8dc299-338e-4924-ab74-ebbedb122d28,691d27dd-6907-46c5-a0af-fafa2dfe95c2,2025,10,RB2,00-0035685,True,2026-08-27T19:20:46.865153+00:00,2026-08-27T19:20:46.865153+00:00
96f732e7-6fe3-4791-a74f-a786129f2c5d,691d27dd-6907-46c5-a0af-fafa2dfe95c2,2025,10,WR1,00-0036912,True,2026-08-27T19:20:46.865153+00:00,2026-08-27T19:20:46.865153+00:00
257b2c23-a6c2-4980-854f-36793cb8bc1d,691d27dd-6907-46c5-a0af-fafa2dfe95c2,2025,10,WR2,00-0039915,True,2026-08-27T19:20:46.865153+00:00,2026-08-27T19:20:46.865153+00:00
daf47840-69b2-478a-8716-9f80b224f588,691d27dd-6907-46c5-a0af-fafa2dfe95c2,2025,10,TE,00-0039338,True,2026-08-27T19:20:46.865153+00:00,2026-08-27T19:20:46.865153+00:00
1a7c21c2-9b8f-4cef-b995-314179f4a1d4,691d27dd-6907-46c5-a0af-fafa2dfe95c2,2025,10,FLEX,00-0036554,True,2026-08-27T19:20:46.865153+00:00,2026-08-27T19:20:46.865153+00:00
9f6af47e-e621-4ff6-9ed3-8b8e9a0238e4,691d27dd-6907-46c5-a0af-fafa2dfe95c2,2025,10,K,00-0035358,True,2026-08-27T19:20:46.865153+00:00,2026-08-27T19:20:46.865153+00:00
914e5972-3dc8-4d10-be1f-352578407a74,691d27dd-6907-46c5-a0af-fafa2dfe95c2,2025,10,DST,DST_LA,True,2026-08-27T19:20:46.865153+00:00,2026-08-27T19:20:46.865153+00:00
101e1627-3e31-4256-a91d-5dcab5b21a3f,691d27dd-6907-46c5-a0af-fafa2dfe95c2,2025,11,QB,00-0026498,True,2026-08-27T19:20:46.865153+00:00,2026-08-27T19:20:46.865153+00:00
b5907f7a-dd8d-4ae0-ad3c-4bcfa3a6a9e1,691d27dd-6907-46c5-a0af-fafa2dfe95c2,2025,11,RB1,00-0038597,True,2026-08-27T19:20:46.865153+00:00,2026-08-27T19:20:46.865153+00:00
ba132a34-7114-4dff-ad7a-1cc9135e5776,691d27dd-6907-46c5-a0af-fafa2dfe95c2,2025,11,RB2,00-0037256,True,2026-08-27T19:20:46.865153+00:00,2026-08-27T19:20:46.865153+00:00
58e70584-9d44-4a92-8ebb-533cf6cedbee,691d27dd-6907-46c5-a0af-fafa2dfe95c2,2025,11,WR1,00-0036410,True,2026-08-27T19:20:46.865153+00:00,2026-08-27T19:20:46.865153+00:00
a74e3513-6168-4202-b054-c795d554f6ab,691d27dd-6907-46c5-a0af-fafa2dfe95c2,2025,11,WR2,00-0039916,True,2026-08-27T19:20:46.865153+00:00,2026-08-27T19:20:46.865153+00:00
409f4f4b-b3fd-43d8-a473-0afe53fae7b3,691d27dd-6907-46c5-a0af-fafa2dfe95c2,2025,11,TE,00-0030506,True,2026-08-27T19:20:46.865153+00:00,2026-08-27T19:20:46.865153+00:00
449d824c-6b48-4e46-b485-bab377236550,691d27dd-6907-46c5-a0af-fafa2dfe95c2,2025,11,FLEX,00-0038117,True,2026-08-27T19:20:46.865153+00:00,2026-08-27T19:20:46.865153+00:00
3ff19681-0038-40d8-8505-49313eb32a85,691d27dd-6907-46c5-a0af-fafa2dfe95c2,2025,11,K,00-0038152,True,2026-08-27T19:20:46.865153+00:00,2026-08-27T19:20:46.865153+00:00
2eb3a044-33ce-4650-bcab-a75579a91f24,691d27dd-6907-46c5-a0af-fafa2dfe95c2,2025,11,DST,DST_DET,True,2026-08-27T19:20:46.865153+00:00,2026-08-27T19:20:46.865153+00:00
c8fc9f5a-34d7-4eef-898b-adb6238020d2,691d27dd-6907-46c5-a0af-fafa2dfe95c2,2025,12,QB,00-0033077,True,2026-08-27T19:20:46.865153+00:00,2026-08-27T19:20:46.865153+00:00
928c5284-3886-4938-98cc-8e7aee53a86a,691d27dd-6907-46c5-a0af-fafa2dfe95c2,2025,12,RB1,00-0040734,True,2026-08-27T19:20:46.865153+00:00,2026-08-27T19:20:46.865153+00:00
2b41f634-2eb5-4cbc-8a19-f9ed9e21a098,691d27dd-6907-46c5-a0af-fafa2dfe95c2,2025,12,RB2,00-0038134,True,2026-08-27T19:20:46.865153+00:00,2026-08-27T19:20:46.865153+00:00
07b167d3-6a4c-4044-a40e-b036d0c37ae3,691d27dd-6907-46c5-a0af-fafa2dfe95c2,2025,12,WR1,00-0040124,True,2026-08-27T19:20:46.865153+00:00,2026-08-27T19:20:46.865153+00:00
2e2a03a4-e9cf-45ac-9df1-0094719c2929,691d27dd-6907-46c5-a0af-fafa2dfe95c2,2025,12,WR2,00-0031588,True,2026-08-27T19:20:46.865153+00:00,2026-08-27T19:20:46.865153+00:00
b79c934a-c04f-402f-adf4-9c41bb719bf0,691d27dd-6907-46c5-a0af-fafa2dfe95c2,2025,12,TE,00-0034383,True,2026-08-27T19:20:46.865153+00:00,2026-08-27T19:20:46.865153+00:00
4b5547d0-19bd-4ca6-98ca-53b5cae9dd10,691d27dd-6907-46c5-a0af-fafa2dfe95c2,2025,12,FLEX,00-0038124,True,2026-08-27T19:20:46.865153+00:00,2026-08-27T19:20:46.865153+00:00
f55203ad-bb24-4ef7-9f26-f409a241ec20,691d27dd-6907-46c5-a0af-fafa2dfe95c2,2025,12,K,00-0031203,True,2026-08-27T19:20:46.865153+00:00,2026-08-27T19:20:46.865153+00:00
5a0e596a-03a3-48ca-b60b-5f56c661f2ab,691d27dd-6907-46c5-a0af-fafa2dfe95c2,2025,12,DST,DST_CLE,True,2026-08-27T19:20:46.865153+00:00,2026-08-27T19:20:46.865153+00:00
be8fdfee-3261-4bc5-9b48-489134b088d6,691d27dd-6907-46c5-a0af-fafa2dfe95c2,2025,13,QB,00-0039732,True,2026-08-27T19:20:46.865153+00:00,2026-08-27T19:20:46.865153+00:00
54c3d59a-6331-4174-a54c-df6ac14ae944,691d27dd-6907-46c5-a0af-fafa2dfe95c2,2025,13,RB1,00-0039361,True,2026-08-27T19:20:46.865153+00:00,2026-08-27T19:20:46.865153+00:00
86eb346f-9d0e-4062-aa29-f5f1881ccbca,691d27dd-6907-46c5-a0af-fafa2dfe95c2,2025,13,RB2,00-0036919,True,2026-08-27T19:20:46.865153+00:00,2026-08-27T19:20:46.865153+00:00
cdc165db-9793-4c56-9e2a-095842e0c806,691d27dd-6907-46c5-a0af-fafa2dfe95c2,2025,13,WR1,00-0035676,True,2026-08-27T19:20:46.865153+00:00,2026-08-27T19:20:46.865153+00:00
84eb4313-5014-46b3-a1a7-79e4a08ad211,691d27dd-6907-46c5-a0af-fafa2dfe95c2,2025,13,WR2,00-0039849,True,2026-08-27T19:20:46.865153+00:00,2026-08-27T19:20:46.865153+00:00
b8f979f1-004b-4d0d-97ad-7a5e124ca59e,691d27dd-6907-46c5-a0af-fafa2dfe95c2,2025,13,TE,00-0040189,True,2026-08-27T19:20:46.865153+00:00,2026-08-27T19:20:46.865153+00:00
f20fd93b-c90b-4a43-b257-3378001e20fe,691d27dd-6907-46c5-a0af-fafa2dfe95c2,2025,13,FLEX,00-0039868,True,2026-08-27T19:20:46.865153+00:00,2026-08-27T19:20:46.865153+00:00
47999d93-8b9d-4fb2-a243-e9134847e69d,691d27dd-6907-46c5-a0af-fafa2dfe95c2,2025,13,K,00-0038562,True,2026-08-27T19:20:46.865153+00:00,2026-08-27T19:20:46.865153+00:00
779271d4-d4e3-4e08-9887-6a35ef33160c,691d27dd-6907-46c5-a0af-fafa2dfe95c2,2025,13,DST,DST_PHI,True,2026-08-27T19:20:46.865153+00:00,2026-08-27T19:20:46.865153+00:00
655764be-111a-4aad-894d-3a034e94388d,691d27dd-6907-46c5-a0af-fafa2dfe95c2,2025,14,QB,00-0039910,True,2026-08-27T19:20:46.865153+00:00,2026-08-27T19:20:46.865153+00:00
a5c09c3d-a7b1-4ebc-b4e6-c0ce2304dcfa,691d27dd-6907-46c5-a0af-fafa2dfe95c2,2025,14,RB1,00-0040666,True,2026-08-27T19:20:46.865153+00:00,2026-08-27T19:20:46.865153+00:00
75b00148-76ef-4965-96b0-84d06dc1a047,691d27dd-6907-46c5-a0af-fafa2dfe95c2,2025,14,RB2,00-0039391,True,2026-08-27T19:20:46.865153+00:00,2026-08-27T19:20:46.865153+00:00
59beb29c-9a90-4e9f-ad4c-03348c4f859a,691d27dd-6907-46c5-a0af-fafa2dfe95c2,2025,14,WR1,00-0039146,True,2026-08-27T19:20:46.865153+00:00,2026-08-27T19:20:46.865153+00:00
82b04296-caee-43b4-9a6d-8aac34362670,691d27dd-6907-46c5-a0af-fafa2dfe95c2,2025,14,WR2,00-0035659,True,2026-08-27T19:20:46.865153+00:00,2026-08-27T19:20:46.865153+00:00
c516e069-62e1-4680-8eb7-1f74bd26ebd3,691d27dd-6907-46c5-a0af-fafa2dfe95c2,2025,14,TE,00-0030061,True,2026-08-27T19:20:46.865153+00:00,2026-08-27T19:20:46.865153+00:00
5d10dfec-ba36-4871-ad07-7b174c903eca,691d27dd-6907-46c5-a0af-fafa2dfe95c2,2025,14,FLEX,00-0037240,True,2026-08-27T19:20:46.865153+00:00,2026-08-27T19:20:46.865153+00:00
fa4b1c5c-53f3-4064-837c-cbf3c7215dce,691d27dd-6907-46c5-a0af-fafa2dfe95c2,2025,14,K,00-0033862,True,2026-08-27T19:20:46.865153+00:00,2026-08-27T19:20:46.865153+00:00
fc316051-a752-4bd1-a777-bd6e279902da,691d27dd-6907-46c5-a0af-fafa2dfe95c2,2025,14,DST,DST_BUF,True,2026-08-27T19:20:46.865153+00:00,2026-08-27T19:20:46.865153+00:00
d2bc63a5-7904-4317-84dc-fc88c34dd11b,691d27dd-6907-46c5-a0af-fafa2dfe95c2,2025,15,QB,00-0031503,True,2026-08-27T19:20:46.865153+00:00,2026-08-27T19:20:46.865153+00:00
f697a80d-9243-43bb-9e62-99de3fb17b20,691d27dd-6907-46c5-a0af-fafa2dfe95c2,2025,15,RB1,00-0040730,True,2026-08-27T19:20:46.865153+00:00,2026-08-27T19:20:46.865153+00:00
a7112511-e13a-4781-9780-a938cdf0c757,691d27dd-6907-46c5-a0af-fafa2dfe95c2,2025,15,RB2,00-0035261,True,2026-08-27T19:20:46.865153+00:00,2026-08-27T19:20:46.865153+00:00
6a5dc896-9a29-42cd-bfb5-77b16064ef94,691d27dd-6907-46c5-a0af-fafa2dfe95c2,2025,15,WR1,00-0038559,True,2026-08-27T19:20:46.865153+00:00,2026-08-27T19:20:46.865153+00:00
b126cc8e-d4d3-4510-9700-b6e5e0714869,691d27dd-6907-46c5-a0af-fafa2dfe95c2,2025,15,WR2,00-0037664,True,2026-08-27T19:20:46.865153+00:00,2026-08-27T19:20:46.865153+00:00
3f46c944-97c1-42c0-a560-f7ab3f910284,691d27dd-6907-46c5-a0af-fafa2dfe95c2,2025,15,TE,00-0040663,True,2026-08-27T19:20:46.865153+00:00,2026-08-27T19:20:46.865153+00:00
309e26f9-d459-4e6e-9852-b1332c8a6657,691d27dd-6907-46c5-a0af-fafa2dfe95c2,2025,15,FLEX,00-0034960,True,2026-08-27T19:20:46.865153+00:00,2026-08-27T19:20:46.865153+00:00
566f4b46-3ba0-49e7-9c40-339b435b77cd,691d27dd-6907-46c5-a0af-fafa2dfe95c2,2025,15,K,00-0037224,True,2026-08-27T19:20:46.865153+00:00,2026-08-27T19:20:46.865153+00:00
042c15f5-98a4-49d9-b8e3-9faa1e9b4862,691d27dd-6907-46c5-a0af-fafa2dfe95c2,2025,15,DST,DST_TB,True,2026-08-27T19:20:46.865153+00:00,2026-08-27T19:20:46.865153+00:00
2f993ded-1cb2-461b-a05f-e833c2808948,691d27dd-6907-46c5-a0af-fafa2dfe95c2,2025,16,QB,00-0036971,True,2026-08-27T19:20:46.865153+00:00,2026-08-27T19:20:46.865153+00:00
ed793159-afab-431f-ac36-3dd4b6defb68,691d27dd-6907-46c5-a0af-fafa2dfe95c2,2025,16,RB1,00-0039405,True,2026-08-27T19:20:46.865153+00:00,2026-08-27T19:20:46.865153+00:00
025515db-167b-46e4-8aef-aad067969aaf,691d27dd-6907-46c5-a0af-fafa2dfe95c2,2025,16,RB2,00-0039384,True,2026-08-27T19:20:46.865153+00:00,2026-08-27T19:20:46.865153+00:00
346c9460-385c-46c5-a4d6-28bb8ef3ab23,691d27dd-6907-46c5-a0af-fafa2dfe95c2,2025,16,WR1,00-0036259,True,2026-08-27T19:20:46.865153+00:00,2026-08-27T19:20:46.865153+00:00
8d1a4429-a0f8-4abb-b870-26a915ee5353,691d27dd-6907-46c5-a0af-fafa2dfe95c2,2025,16,WR2,00-0039893,True,2026-08-27T19:20:46.865153+00:00,2026-08-27T19:20:46.865153+00:00
7040509e-0a23-4836-b74f-0a63528cf333,691d27dd-6907-46c5-a0af-fafa2dfe95c2,2025,16,TE,00-0036970,True,2026-08-27T19:20:46.865153+00:00,2026-08-27T19:20:46.865153+00:00
3a4878d9-f806-4a20-9de6-0b1c4e1ef7a9,691d27dd-6907-46c5-a0af-fafa2dfe95c2,2025,16,FLEX,00-0037261,True,2026-08-27T19:20:46.865153+00:00,2026-08-27T19:20:46.865153+00:00
bedce882-1469-4116-ada4-af14e069fc56,691d27dd-6907-46c5-a0af-fafa2dfe95c2,2025,16,K,00-0039172,True,2026-08-27T19:20:46.865153+00:00,2026-08-27T19:20:46.865153+00:00
8a14b694-110b-47a0-a7fe-572ac6b6ff6d,691d27dd-6907-46c5-a0af-fafa2dfe95c2,2025,16,DST,DST_CHI,True,2026-08-27T19:20:46.865153+00:00,2026-08-27T19:20:46.865153+00:00
bf47ceeb-f08b-488a-9d82-952ae350786e,691d27dd-6907-46c5-a0af-fafa2dfe95c2,2025,17,QB,00-0037834,True,2026-08-27T19:20:46.865153+00:00,2026-08-27T19:20:46.865153+00:00
8381c332-66b8-475e-af44-fae24bbd7933,691d27dd-6907-46c5-a0af-fafa2dfe95c2,2025,17,RB1,00-0039165,True,2026-08-27T19:20:46.865153+00:00,2026-08-27T19:20:46.865153+00:00
871ca745-fb5b-4c95-b075-2ed59a026f61,691d27dd-6907-46c5-a0af-fafa2dfe95c2,2025,17,RB2,00-0036875,True,2026-08-27T19:20:46.865153+00:00,2026-08-27T19:20:46.865153+00:00
bdc5aadb-bc7d-4093-9f4e-babfe0ab20e3,691d27dd-6907-46c5-a0af-fafa2dfe95c2,2025,17,WR1,00-0034827,True,2026-08-27T19:20:46.865153+00:00,2026-08-27T19:20:46.865153+00:00
b55e6bc5-bb29-47ec-97ff-eeae8bf714ee,691d27dd-6907-46c5-a0af-fafa2dfe95c2,2025,17,WR2,00-0031408,True,2026-08-27T19:20:46.865153+00:00,2026-08-27T19:20:46.865153+00:00
b6de85ba-604e-4193-aa7e-455a245d199d,691d27dd-6907-46c5-a0af-fafa2dfe95c2,2025,17,TE,00-0033090,True,2026-08-27T19:20:46.865153+00:00,2026-08-27T19:20:46.865153+00:00
c9ede079-5779-42ec-a4de-b8f6e0315fa3,691d27dd-6907-46c5-a0af-fafa2dfe95c2,2025,17,FLEX,00-0037816,True,2026-08-27T19:20:46.865153+00:00,2026-08-27T19:20:46.865153+00:00
b58c6dfd-f7f2-4d98-86af-fdaa8c8d7f7f,691d27dd-6907-46c5-a0af-fafa2dfe95c2,2025,17,K,00-0039229,True,2026-08-27T19:20:46.865153+00:00,2026-08-27T19:20:46.865153+00:00
fa678740-8ab2-469e-9500-151ea3cf2545,691d27dd-6907-46c5-a0af-fafa2dfe95c2,2025,17,DST,DST_LAC,True,2026-08-27T19:20:46.865153+00:00,2026-08-27T19:20:46.865153+00:00
4a536996-cb67-4a06-9a22-cdce262c4b85,691d27dd-6907-46c5-a0af-fafa2dfe95c2,2025,18,RB1,00-0040583,True,2026-08-27T19:20:46.865153+00:00,2026-08-27T19:20:46.865153+00:00
7d3f07e9-1adf-4b2c-a768-e61f64f68524,691d27dd-6907-46c5-a0af-fafa2dfe95c2,2025,18,RB2,00-0040236,True,2026-08-27T19:20:46.865153+00:00,2026-08-27T19:20:46.865153+00:00
2779afa4-ed8c-4450-84ea-db1444d9fd71,691d27dd-6907-46c5-a0af-fafa2dfe95c2,2025,18,WR1,00-0038606,True,2026-08-27T19:20:46.865153+00:00,2026-08-27T19:20:46.865153+00:00
58c72881-d342-4a3e-9c90-53c1ef676972,691d27dd-6907-46c5-a0af-fafa2dfe95c2,2025,18,WR2,00-0033921,True,2026-08-27T19:20:46.865153+00:00,2026-08-27T19:20:46.865153+00:00
590cc15a-d6e7-4bd8-8aa9-fe9819882ca9,691d27dd-6907-46c5-a0af-fafa2dfe95c2,2025,18,TE,00-0040126,True,2026-08-27T19:20:46.865153+00:00,2026-08-27T19:20:46.865153+00:00
471ec3d8-8282-4e8d-aace-4d66ebcc39a1,691d27dd-6907-46c5-a0af-fafa2dfe95c2,2025,18,FLEX,00-0039855,True,2026-08-27T19:20:46.865153+00:00,2026-08-27T19:20:46.865153+00:00
5892db17-5f26-4904-8a36-8548266cbd1a,691d27dd-6907-46c5-a0af-fafa2dfe95c2,2025,18,K,00-0039409,True,2026-08-27T19:20:46.865153+00:00,2026-08-27T19:20:46.865153+00:00
e3436e0f-7703-4409-8c02-dbdc20a369e4,691d27dd-6907-46c5-a0af-fafa2dfe95c2,2025,18,DST,DST_NO,True,2026-08-27T19:20:46.865153+00:00,2026-08-27T19:20:46.865153+00:00
48b4f899-478e-494c-80d3-12fd5027dd9a,691d27dd-6907-46c5-a0af-fafa2dfe95c2,2025,18,QB,00-0033869,False,2026-08-27T19:20:46.865153+00:00,2026-08-31T02:12:28.675+00:00
2cf2e92b-90c3-4629-81e1-b1841b07dc9a,691d27dd-6907-46c5-a0af-fafa2dfe95c2,2026,1,RB2,00-0038542,True,2026-09-01T00:24:04.24998+00:00,2026-09-01T00:24:04.24998+00:00
c95e1ac3-8861-4eb3-b3bf-28d6782a1399,691d27dd-6907-46c5-a0af-fafa2dfe95c2,2026,1,FLEX,00-0039139,True,2026-09-01T00:24:04.24998+00:00,2026-09-01T00:24:04.24998+00:00
b7b2f14e-360a-427f-a6cc-48b3c3a42ea5,bfa001cb-5cbb-4787-8884-0cc6bca144eb,2026,1,QB,00-0034857,True,2026-09-06T18:04:56.307401+00:00,2026-09-06T18:04:56.307401+00:00
5c929e07-bcad-4bc5-b63a-c43e2944b9ae,bfa001cb-5cbb-4787-8884-0cc6bca144eb,2026,1,WR1,00-0039075,True,2026-09-06T18:04:56.307401+00:00,2026-09-06T18:04:56.307401+00:00
d6359c1c-d313-495b-8308-534a072f86d5,bfa001cb-5cbb-4787-8884-0cc6bca144eb,2026,1,WR2,00-0038543,True,2026-09-06T18:04:56.307401+00:00,2026-09-06T18:04:56.307401+00:00
7634187f-409a-4bd5-a7fc-85dac39c2a68,bfa001cb-5cbb-4787-8884-0cc6bca144eb,2026,1,DST,DST_SEA,True,2026-09-06T18:04:56.307401+00:00,2026-09-06T18:04:56.307401+00:00
c26c4aef-dad6-4163-bc5b-e1e6bbc2f2a6,49d7b057-75b1-4c0a-9b3b-c7085fe6cc69,2026,1,RB2,00-0038542,True,2026-09-06T18:04:56.868796+00:00,2026-09-06T18:04:56.868796+00:00
19719044-4877-4be3-9b3b-9c0676f54420,49d7b057-75b1-4c0a-9b3b-c7085fe6cc69,2026,1,WR2,00-0038543,True,2026-09-06T18:04:56.868796+00:00,2026-09-06T18:04:56.868796+00:00
f8a810ac-a8a0-45f4-a9fc-e293da2267ff,49d7b057-75b1-4c0a-9b3b-c7085fe6cc69,2026,1,TE,00-0037744,True,2026-09-06T18:04:56.868796+00:00,2026-09-06T18:04:56.868796+00:00
f0d232e6-fc6c-44b3-a74a-9af8a2987434,49d7b057-75b1-4c0a-9b3b-c7085fe6cc69,2026,1,FLEX,00-0039139,True,2026-09-06T18:04:56.868796+00:00,2026-09-06T18:04:56.868796+00:00
af36ab9f-5dda-4193-804b-9ad87dd8d667,49d7b057-75b1-4c0a-9b3b-c7085fe6cc69,2026,1,K,00-0032726,True,2026-09-06T18:04:56.868796+00:00,2026-09-06T18:04:56.868796+00:00
29f19600-d9ad-4ee2-ae21-1dd606ff72c5,49d7b057-75b1-4c0a-9b3b-c7085fe6cc69,2026,1,DST,DST_SEA,True,2026-09-06T18:04:56.868796+00:00,2026-09-06T18:04:56.868796+00:00
89d43866-766d-4557-a03a-9773dd3b176c,8c5a0f50-32db-4080-a9ac-a2a588fe324f,2026,1,QB,00-0034857,True,2026-09-06T22:44:16.748147+00:00,2026-09-06T22:44:16.748147+00:00
2f665f45-c441-4574-979e-093d7bb8a685,8c5a0f50-32db-4080-a9ac-a2a588fe324f,2026,1,RB1,00-0033280,True,2026-09-06T22:44:16.748147+00:00,2026-09-06T22:44:16.748147+00:00
26732f86-1bde-4903-b440-3cfc6bb3ab77,8c5a0f50-32db-4080-a9ac-a2a588fe324f,2026,1,RB2,00-0038542,True,2026-09-06T22:44:16.748147+00:00,2026-09-06T22:44:16.748147+00:00
b6de6d62-387f-4253-ba40-d3643604ab24,8c5a0f50-32db-4080-a9ac-a2a588fe324f,2026,1,WR1,00-0039075,True,2026-09-06T22:44:16.748147+00:00,2026-09-06T22:44:16.748147+00:00
b760b8eb-7b09-40dc-a835-5ad34a7ecfc7,8c5a0f50-32db-4080-a9ac-a2a588fe324f,2026,1,WR2,00-0038543,True,2026-09-06T22:44:16.748147+00:00,2026-09-06T22:44:16.748147+00:00
cd019a42-638c-494f-b152-5bdbf32c2701,8c5a0f50-32db-4080-a9ac-a2a588fe324f,2026,1,TE,00-0037744,True,2026-09-06T22:44:16.748147+00:00,2026-09-06T22:44:16.748147+00:00
86d2d222-5e40-4ba4-9452-2796754c3f10,8c5a0f50-32db-4080-a9ac-a2a588fe324f,2026,1,FLEX,00-0039139,True,2026-09-06T22:44:16.748147+00:00,2026-09-06T22:44:16.748147+00:00
324c8be8-0acc-4ee5-a55d-b5232921362d,8c5a0f50-32db-4080-a9ac-a2a588fe324f,2026,1,K,00-0032726,True,2026-09-06T22:44:16.748147+00:00,2026-09-06T22:44:16.748147+00:00
e9d61242-1da3-4450-ab50-1ba0340030c7,8c5a0f50-32db-4080-a9ac-a2a588fe324f,2026,1,DST,DST_SEA,True,2026-09-06T22:44:16.748147+00:00,2026-09-06T22:44:16.748147+00:00
84a27cbe-ce6f-4fff-a53f-50316a39ca47,6fbf760b-72a3-48d3-8418-48869766c773,2026,1,FLEX,00-0039139,True,2026-09-06T22:44:17.005895+00:00,2026-09-06T22:44:17.005895+00:00
16a4b856-4383-4647-8b8d-22c13dafeb86,6fbf760b-72a3-48d3-8418-48869766c773,2026,1,K,00-0032726,True,2026-09-06T22:44:17.005895+00:00,2026-09-06T22:44:17.005895+00:00
3bfc25b5-f718-4a7a-995f-8ba790d3ba94,176fe6d7-89e0-49f7-957a-43a9dbb5655f,2026,1,QB,00-0034857,True,2026-09-06T22:44:17.253414+00:00,2026-09-06T22:44:17.253414+00:00
7fdd1110-c518-4dd8-bc3f-4337235f5a1c,176fe6d7-89e0-49f7-957a-43a9dbb5655f,2026,1,RB1,00-0033280,True,2026-09-06T22:44:17.253414+00:00,2026-09-06T22:44:17.253414+00:00
c24936f3-faa8-47cf-bb6a-0a13111c808a,176fe6d7-89e0-49f7-957a-43a9dbb5655f,2026,1,RB2,00-0038542,True,2026-09-06T22:44:17.253414+00:00,2026-09-06T22:44:17.253414+00:00
061aee11-b4c7-491c-91e8-f027d1a3a62e,176fe6d7-89e0-49f7-957a-43a9dbb5655f,2026,1,WR1,00-0039075,True,2026-09-06T22:44:17.253414+00:00,2026-09-06T22:44:17.253414+00:00
92d8d8bc-2664-4bc2-84aa-5a8f69d26fd8,176fe6d7-89e0-49f7-957a-43a9dbb5655f,2026,1,WR2,00-0038543,True,2026-09-06T22:44:17.253414+00:00,2026-09-06T22:44:17.253414+00:00
04adbaff-a68d-476a-8267-95508488e966,176fe6d7-89e0-49f7-957a-43a9dbb5655f,2026,1,TE,00-0037744,True,2026-09-06T22:44:17.253414+00:00,2026-09-06T22:44:17.253414+00:00
facfd92b-688d-4289-9926-acb84dd67fd9,176fe6d7-89e0-49f7-957a-43a9dbb5655f,2026,1,FLEX,00-0039139,True,2026-09-06T22:44:17.253414+00:00,2026-09-06T22:44:17.253414+00:00
d1c7b507-f60d-49ff-bdf4-1138222ba683,176fe6d7-89e0-49f7-957a-43a9dbb5655f,2026,1,K,00-0032726,True,2026-09-06T22:44:17.253414+00:00,2026-09-06T22:44:17.253414+00:00
6f822916-da1f-44ba-903a-5ea75070fff4,176fe6d7-89e0-49f7-957a-43a9dbb5655f,2026,1,DST,DST_SEA,True,2026-09-06T22:44:17.253414+00:00,2026-09-06T22:44:17.253414+00:00
d611e93f-3d66-4e92-8c22-1e5f49658725,6fbf760b-72a3-48d3-8418-48869766c773,2026,1,QB,00-0036355,False,2026-09-06T22:44:17.005895+00:00,2026-09-07T03:32:32.379+00:00
9e354511-b72f-4bd0-ae30-cecc8cf5a297,6fbf760b-72a3-48d3-8418-48869766c773,2026,1,RB1,00-0040666,False,2026-09-06T22:44:17.005895+00:00,2026-09-07T03:33:10.573+00:00
ffc7b1bf-d3b7-4011-958a-77ea0da2f802,49d7b057-75b1-4c0a-9b3b-c7085fe6cc69,2026,1,QB,00-0039910,False,2026-09-06T18:04:56.868796+00:00,2026-09-07T03:33:23.03+00:00
87b4a434-887c-45cb-8b64-30f42136be69,6fbf760b-72a3-48d3-8418-48869766c773,2026,1,RB2,00-0037228,False,2026-09-06T22:44:17.005895+00:00,2026-09-07T03:33:56.021+00:00
190c6d7a-e087-445a-ba6e-ee30d14c65af,49d7b057-75b1-4c0a-9b3b-c7085fe6cc69,2026,1,RB1,00-0038134,False,2026-09-06T18:04:56.868796+00:00,2026-09-07T03:34:11.453+00:00
19fd2607-ec36-4123-97fe-112590a16243,6fbf760b-72a3-48d3-8418-48869766c773,2026,1,WR1,00-0036410,False,2026-09-06T22:44:17.005895+00:00,2026-09-07T03:34:20.907+00:00
c40de7dd-31e3-40ff-9efa-5dbf67fd50a4,49d7b057-75b1-4c0a-9b3b-c7085fe6cc69,2026,1,WR1,00-0031381,False,2026-09-06T18:04:56.868796+00:00,2026-09-07T03:34:36.19+00:00
5397576b-4317-4be3-866e-70fe5233cb12,6fbf760b-72a3-48d3-8418-48869766c773,2026,1,TE,00-0033288,False,2026-09-06T22:44:17.005895+00:00,2026-09-07T03:35:59.7+00:00
c873da51-7eff-41c1-af3d-91ed8399907d,6fbf760b-72a3-48d3-8418-48869766c773,2026,1,WR2,00-0037664,False,2026-09-06T22:44:17.005895+00:00,2026-09-07T03:36:50.232+00:00
ddf0227c-9832-41ea-8c5a-d10ba51d8ae0,6fbf760b-72a3-48d3-8418-48869766c773,2026,1,DST,DST_JAX,False,2026-09-06T22:44:17.005895+00:00,2026-09-07T03:37:11.358+00:00
21abf4c0-bfad-4285-a746-4dbc5a45ceab,bfa001cb-5cbb-4787-8884-0cc6bca144eb,2026,1,TE,00-0039793,False,2026-09-06T18:04:56.307401+00:00,2026-09-07T03:41:13.452+00:00
e9ae05b6-d140-402b-bd21-1793ca940b89,bfa001cb-5cbb-4787-8884-0cc6bca144eb,2026,1,FLEX,00-0031381,False,2026-09-06T18:04:56.307401+00:00,2026-09-07T03:41:19.63+00:00
6404252e-946a-45ea-aaeb-c1f4d383ff05,bfa001cb-5cbb-4787-8884-0cc6bca144eb,2026,1,RB1,00-0039165,False,2026-09-06T18:04:56.307401+00:00,2026-09-07T03:41:45.622+00:00
e1af4e3d-dbb8-442a-a86d-b104ad2c7a9c,bfa001cb-5cbb-4787-8884-0cc6bca144eb,2026,1,RB2,00-0032764,False,2026-09-06T18:04:56.307401+00:00,2026-09-07T03:41:56.876+00:00
bbe67b0c-6427-4452-bfd1-b9837e1c4999,bfa001cb-5cbb-4787-8884-0cc6bca144eb,2026,1,K,00-0037224,False,2026-09-06T18:04:56.307401+00:00,2026-09-07T03:42:06.815+00:00
ec120e84-f9cc-45c4-bfd2-80ed4a6adb63,cfb3dadf-306d-44de-9877-456c8d9aa85b,2026,1,QB,00-0034857,True,2026-09-07T06:43:52.581903+00:00,2026-09-07T06:43:52.581903+00:00
344e41ed-dab6-4d64-a1d4-787d54319e32,cfb3dadf-306d-44de-9877-456c8d9aa85b,2026,1,RB1,00-0033280,True,2026-09-07T06:43:52.581903+00:00,2026-09-07T06:43:52.581903+00:00
18ed3967-3dd9-4fec-a984-caa07757feb9,cfb3dadf-306d-44de-9877-456c8d9aa85b,2026,1,RB2,00-0038542,True,2026-09-07T06:43:52.581903+00:00,2026-09-07T06:43:52.581903+00:00
7eed60bb-499f-4e58-b633-7d3d38b34866,cfb3dadf-306d-44de-9877-456c8d9aa85b,2026,1,WR1,00-0039075,True,2026-09-07T06:43:52.581903+00:00,2026-09-07T06:43:52.581903+00:00
78403dd7-d851-419a-b43e-c43c00b22dcf,cfb3dadf-306d-44de-9877-456c8d9aa85b,2026,1,WR2,00-0038543,True,2026-09-07T06:43:52.581903+00:00,2026-09-07T06:43:52.581903+00:00
46020db6-36ae-483b-b400-921dadd9c549,cfb3dadf-306d-44de-9877-456c8d9aa85b,2026,1,TE,00-0037744,True,2026-09-07T06:43:52.581903+00:00,2026-09-07T06:43:52.581903+00:00
af7382b3-5114-4a8c-8e28-5207ee882f34,cfb3dadf-306d-44de-9877-456c8d9aa85b,2026,1,FLEX,00-0039139,True,2026-09-07T06:43:52.581903+00:00,2026-09-07T06:43:52.581903+00:00
622527a6-9b3f-4838-a59e-120b47dcedb4,cfb3dadf-306d-44de-9877-456c8d9aa85b,2026,1,K,00-0032726,True,2026-09-07T06:43:52.581903+00:00,2026-09-07T06:43:52.581903+00:00
1a847614-54ac-41dc-b8fa-6b32daa09b44,cfb3dadf-306d-44de-9877-456c8d9aa85b,2026,1,DST,DST_SEA,True,2026-09-07T06:43:52.581903+00:00,2026-09-07T06:43:52.581903+00:00
1a800261-bfe0-4691-828c-7925dc3a3e61,b03523cd-bbb2-4929-a3b3-22013ee9a0d8,2026,1,QB,00-0034857,True,2026-09-07T06:43:52.833379+00:00,2026-09-07T06:43:52.833379+00:00
ce4c9d45-ca40-48ca-8633-51d72abc7ecd,b03523cd-bbb2-4929-a3b3-22013ee9a0d8,2026,1,RB1,00-0033280,True,2026-09-07T06:43:52.833379+00:00,2026-09-07T06:43:52.833379+00:00
6667e573-85ed-4196-a996-a372b4a49a17,b03523cd-bbb2-4929-a3b3-22013ee9a0d8,2026,1,RB2,00-0038542,True,2026-09-07T06:43:52.833379+00:00,2026-09-07T06:43:52.833379+00:00
47d30bed-12ba-48f6-8de8-b7eac57e501e,b03523cd-bbb2-4929-a3b3-22013ee9a0d8,2026,1,WR1,00-0039075,True,2026-09-07T06:43:52.833379+00:00,2026-09-07T06:43:52.833379+00:00
3633fc75-2111-4760-a74f-0db3972415e3,b03523cd-bbb2-4929-a3b3-22013ee9a0d8,2026,1,WR2,00-0038543,True,2026-09-07T06:43:52.833379+00:00,2026-09-07T06:43:52.833379+00:00
0ec63f6d-f20b-4d68-bd68-95e8977180fc,b03523cd-bbb2-4929-a3b3-22013ee9a0d8,2026,1,TE,00-0037744,True,2026-09-07T06:43:52.833379+00:00,2026-09-07T06:43:52.833379+00:00
01d6ce3a-c56e-4dbe-87f6-c0fed9c7d3cf,b03523cd-bbb2-4929-a3b3-22013ee9a0d8,2026,1,FLEX,00-0039139,True,2026-09-07T06:43:52.833379+00:00,2026-09-07T06:43:52.833379+00:00
feb8858f-9b2a-4170-86d8-4308540f33cd,b03523cd-bbb2-4929-a3b3-22013ee9a0d8,2026,1,K,00-0032726,True,2026-09-07T06:43:52.833379+00:00,2026-09-07T06:43:52.833379+00:00
6f2f5dde-964d-4f92-9703-3bad5e03c77b,b03523cd-bbb2-4929-a3b3-22013ee9a0d8,2026,1,DST,DST_SEA,True,2026-09-07T06:43:52.833379+00:00,2026-09-07T06:43:52.833379+00:00
bb9f26b0-c470-4e58-9178-b26a61d20445,691d27dd-6907-46c5-a0af-fafa2dfe95c2,2026,1,DST,DST_DEN,False,2026-09-01T00:24:04.24998+00:00,2026-09-07T17:18:54.104+00:00
4b756147-a500-4e39-acad-cbdc2efd62f4,691d27dd-6907-46c5-a0af-fafa2dfe95c2,2026,1,K,00-0037224,False,2026-09-01T00:24:04.24998+00:00,2026-09-07T17:19:39.57+00:00
e7893674-8fc4-43e6-a7d3-84f1028833b1,691d27dd-6907-46c5-a0af-fafa2dfe95c2,2026,1,QB,00-0036355,False,2026-09-01T00:24:04.24998+00:00,2026-09-07T17:20:15.572+00:00
d6deb7c2-6c43-48b0-9fec-ba56f2dff38d,691d27dd-6907-46c5-a0af-fafa2dfe95c2,2026,1,RB1,00-0040715,False,2026-09-01T00:24:04.24998+00:00,2026-09-07T17:22:31.416+00:00
2f4a3dc0-dbbd-4b07-8a96-4ce53fe5b175,691d27dd-6907-46c5-a0af-fafa2dfe95c2,2026,1,WR1,00-0036900,False,2026-09-01T00:24:04.24998+00:00,2026-09-07T17:24:30.692+00:00
0e57d78c-636f-4161-a47b-9887b60fa417,691d27dd-6907-46c5-a0af-fafa2dfe95c2,2026,1,WR2,00-0039337,False,2026-09-01T00:24:04.24998+00:00,2026-09-07T17:24:53.592+00:00
d86146ca-6131-4619-8eef-38f0901d3836,691d27dd-6907-46c5-a0af-fafa2dfe95c2,2026,1,TE,00-0039338,False,2026-09-01T00:24:04.24998+00:00,2026-09-07T17:25:21.849+00:00
