player_id,full_name,position,nfl_team,headshot_url
00-0033217,Mo Alie-Cox,TE,IND,"https://static.www.nfl.com/image/upload/f_auto,q_auto/league/ivdxijcqlhfwsydxh6ox"
00-0033246,Johnny Mundt,TE,PHI,"https://static.www.nfl.com/image/upload/f_auto,q_auto/league/gbsnomwbzavt5124vvaz"
00-0033293,Aaron Jones,RB,MIN,"https://static.www.nfl.com/image/upload/f_auto,q_auto/league/bktkfvgfwujkdbzkcfim"
00-0033303,Harrison Butker,K,KC,"https://static.www.nfl.com/image/upload/f_auto,q_auto/league/yphf8avl8ji0ncdohabz"
00-0035039,Stephen Carlson,TE,CHI,
00-0033857,JuJu Smith-Schuster,WR,NYG,
00-0033862,Zane Gonzalez,K,MIA,
00-0035045,D.J. Montgomery,WR,IND,
00-0035100,Jake Browning,QB,TB,
00-0033537,Deshaun Watson,QB,CLE,"https://static.www.nfl.com/image/private/f_auto,q_auto/league/otfs2docj6eahaebo5xn"
00-0035140,Mecole Hardman,WR,BUF,
00-0033662,Cooper Rush,QB,ATL,"https://static.www.nfl.com/image/upload/f_auto,q_auto/league/mwrtykpswz7nbfisqlmj"
00-0033757,Robert Tonyan,TE,PIT,"https://static.www.nfl.com/image/upload/f_auto,q_auto/league/m8h8rzmxq4sjywitqnyb"
00-0033787,Jake Elliott,K,PHI,"https://static.www.nfl.com/image/upload/f_auto,q_auto/league/gxy1mhbnz1p2nufkg8qz"
00-0033858,Jonnu Smith,TE,GB,"https://static.www.nfl.com/image/upload/f_auto,q_auto/league/egd6llghj3n5wfdrqacw"
00-0033869,Mitchell Trubisky,QB,TEN,"https://static.www.nfl.com/image/upload/f_auto,q_auto/league/yxs7ix2pmcfv5k1qn1sk"
00-0033873,Patrick Mahomes,QB,KC,"https://static.www.nfl.com/image/upload/f_auto,q_auto/league/wdckwtob1lybvkmxnf7p"
00-0033881,Evan Engram,TE,DEN,"https://static.www.nfl.com/image/upload/f_auto,q_auto/league/nucl2dxmpvhlywhyro8o"
00-0035282,Easton Stick,QB,IND,
00-0033885,David Njoku,TE,LAC,"https://static.www.nfl.com/image/upload/f_auto,q_auto/league/y4g1iayqrbrhdvkqywpx"
00-0035291,Trayveon Williams,RB,DET,
00-0034418,Cedrick Wilson Jr.,WR,DET,
00-0035298,Scott Miller,WR,CHI,
00-0035341,Trenton Irwin,WR,SF,
00-0035345,Chris Myarick,TE,LV,
00-0033906,Alvin Kamara,RB,NO,"https://static.www.nfl.com/image/upload/f_auto,q_auto/league/yxebpuskandivlh2iil4"
00-0035359,David Sills,WR,TB,
00-0035500,Greg Dortch,WR,DET,
00-0033921,Chris Godwin Jr.,WR,TB,"https://static.www.nfl.com/image/upload/f_auto,q_auto/league/ilkheljdx4hbjpisulke"
00-0033949,Joshua Dobbs,QB,DET,"https://static.www.nfl.com/image/upload/f_auto,q_auto/league/twaqqjexyi0vgyfbvzis"
00-0035544,Tom Kennedy,WR,DET,
00-0035567,Craig Reynolds,RB,WAS,
00-0035589,Gary Jennings,WR,LAC,
00-0035594,Travis Homer,RB,PIT,
00-0035602,Alex Bachman,WR,LA,
00-0035628,D'Ernest Johnson,RB,TEN,
00-0034161,Daniel Carlson,K,NO,"https://static.www.nfl.com/image/upload/f_auto,q_auto/league/gsvj7rtvqwbwdeho8whf"
00-0034270,Tyler Conklin,TE,DET,"https://static.www.nfl.com/image/upload/f_auto,q_auto/league/knjuzxnzsfjxwcjxp5en"
00-0034348,Courtland Sutton,WR,DEN,"https://static.www.nfl.com/image/upload/f_auto,q_auto/league/kqwmqcrlrwmqcvfuguhs"
00-0034351,Dallas Goedert,TE,PHI,"https://static.www.nfl.com/image/upload/f_auto,q_auto/league/bafepstxu7vvxb9v5vua"
00-0034365,Ian Thomas,TE,LV,"https://static.www.nfl.com/image/upload/f_auto,q_auto/league/gvpwnq0mjefjlekgzxro"
00-0034383,Dalton Schultz,TE,HOU,"https://static.www.nfl.com/image/upload/f_auto,q_auto/league/ym8sbkev8l4scnrc0vd8"
00-0034577,Kyle Allen,QB,BUF,"https://static.www.nfl.com/image/upload/f_auto,q_auto/league/s3vbqdcoc6oc6yh460v9"
00-0035700,Josh Jacobs,RB,GB,
00-0034753,Mark Andrews,TE,BAL,"https://static.www.nfl.com/image/upload/f_auto,q_auto/league/u4xzz7tclch0tpzm9hhz"
00-0034771,Mason Rudolph,QB,PIT,"https://static.www.nfl.com/image/upload/f_auto,q_auto/league/oadtxde6hxz1jgrs618o"
00-0034796,Lamar Jackson,QB,BAL,"https://static.www.nfl.com/image/upload/f_auto,q_auto/league/eno6s5qzl9grbfbfwhoa"
00-0035806,JaMycal Hasty,RB,NE,
00-0035891,Cody White,WR,SEA,
00-0035924,Jonathan Ward,RB,BAL,
00-0033280,Christian McCaffrey,RB,SF,"https://static.www.nfl.com/image/upload/f_auto,q_auto/league/st82s2ytyzanatcmkqck"
00-0036020,Salvon Ahmed,RB,CHI,
00-0033288,George Kittle,TE,SF,"https://static.www.nfl.com/image/upload/f_auto,q_auto/league/vkicdglglkyukgyxtmpx"
00-0035251,Will Grier,QB,CAR,
00-0034173,Eddy Pineiro,K,SF,"https://static.www.nfl.com/image/upload/f_auto,q_auto/league/v3vtl2t4dfzkueanjfwc"
00-0036145,Lawrence Cager,TE,WAS,
00-0036165,Isaiah Hodgins,WR,NYG,
00-0036176,Mason Kinsey,WR,TEN,
00-0036182,Nick Westbrook-Ikhine,WR,IND,
00-0036232,Harrison Bryant,TE,SEA,
00-0036255,Denzel Mims,WR,DAL,
00-0036271,Quez Watkins,WR,PHI,
00-0036415,Van Jefferson,WR,WAS,
00-0035973,Patrick Taylor,RB,SF,
00-0035976,Dan Chisena,WR,CAR,
00-0036423,Albert Okwuegbunam,TE,LV,
00-0036425,DeeJay Dallas,RB,JAX,
00-0036032,Sean McKeon,TE,IND,
00-0036427,Tyler Johnson,WR,DAL,
00-0036491,Tarik Black,WR,DET,
00-0036497,Tim Jones,WR,JAX,
00-0036534,Shane Zylstra,TE,BUF,
00-0036567,Elijah Mitchell,RB,PHI,
00-0036569,Gary Brightwell,RB,CIN,
00-0036635,Ihmir Smith-Marsette,WR,ARI,
00-0036670,Jermar Jefferson,RB,MIN,
00-0036679,Shane Buechele,QB,BUF,
00-0036727,Adam Prentice,RB,DEN,
00-0036755,Jaret Patterson,RB,LAC,
00-0036775,Brandon Smith,WR,PIT,
00-0036841,Austin Trammell,WR,JAX,
00-0032569,Wil Lutz,K,DEN,"https://static.www.nfl.com/image/upload/f_auto,q_auto/league/vcglg5vsgbiyggwibgy0"
00-0033119,Jacoby Brissett,QB,ARI,"https://static.www.nfl.com/image/upload/f_auto,q_auto/league/qjswiunczrn5xmdiqhlz"
00-0034798,Durham Smythe,TE,BAL,"https://static.www.nfl.com/image/upload/f_auto,q_auto/league/pwcuy1ntmris98x8xmxi"
00-0034827,DJ Moore,WR,BUF,"https://static.www.nfl.com/image/upload/f_auto,q_auto/league/lsavpxtqoqu25emwcnvy"
00-0036906,Khalil Herbert,RB,SF,
00-0034829,Mike Gesicki,TE,CIN,"https://static.www.nfl.com/image/upload/f_auto,q_auto/league/dykckg6we3cnw9yhpggi"
00-0034837,Calvin Ridley,WR,TEN,"https://static.www.nfl.com/image/upload/f_auto,q_auto/league/zrv8bjm7zdtboyka2jvr"
00-0036924,Michael Carter,RB,TEN,
00-0036928,Kyle Trask,QB,CAR,
00-0034844,Saquon Barkley,RB,PHI,"https://static.www.nfl.com/image/upload/f_auto,q_auto/league/qcayrzjpura2zydszonh"
00-0036955,Terrace Marshall Jr.,WR,MIA,
00-0036959,Michael Bandy,WR,DEN,
00-0034855,Baker Mayfield,QB,TB,"https://static.www.nfl.com/image/upload/f_auto,q_auto/league/gjb8e69jtt1ffqf1afue"
00-0034857,Josh Allen,QB,BUF,"https://static.www.nfl.com/image/upload/f_auto,q_auto/league/mjwbioajzldkq1vzoz2d"
00-0034975,Justice Hill,RB,BAL,"https://static.www.nfl.com/image/upload/f_auto,q_auto/league/fuodbrwvianete2gy5ag"
00-0034981,Foster Moreau,TE,HOU,"https://static.www.nfl.com/image/upload/f_auto,q_auto/league/daymhftrwf00siu0iviy"
00-0036741,Jack Stoll,TE,CLE,
00-0035021,Ashton Dulin,WR,IND,"https://static.www.nfl.com/image/upload/f_auto,q_auto/league/ux55cx0r9iwqwmfmaip6"
00-0035125,Alec Ingold,RB,LAC,"https://static.www.nfl.com/image/upload/f_auto,q_auto/league/saqgxmq3xrr68byket0r"
00-0035192,Joey Slye,K,TEN,"https://static.www.nfl.com/image/upload/f_auto,q_auto/league/qyugyvvddildncveryob"
00-0035208,Olamide Zaccheaus,WR,ATL,"https://static.www.nfl.com/image/upload/f_auto,q_auto/league/zsnzd30ysrewgufbv06y"
00-0035228,Kyler Murray,QB,MIN,"https://static.www.nfl.com/image/upload/f_auto,q_auto/league/btfruyf33adgnjzpcuen"
00-0037011,Tre' McKitty,TE,WAS,
00-0035229,T.J. Hockenson,TE,MIN,"https://static.www.nfl.com/image/upload/f_auto,q_auto/league/rs8o65x0u0n9xzde0fd6"
00-0035249,Josh Oliver,TE,MIN,"https://static.www.nfl.com/image/upload/f_auto,q_auto/league/awdb5xedlbq0ebpptgzb"
00-0037055,Lance McCutcheon,WR,TEN,
00-0035250,Devin Singletary,RB,NYG,"https://static.www.nfl.com/image/upload/f_auto,q_auto/league/xy2r2msxjqneml2c1cdc"
00-0035261,Tony Pollard,RB,TEN,"https://static.www.nfl.com/image/upload/f_auto,q_auto/league/mb2xdrqiys6ktlcuah2n"
00-0037086,Grant Calcaterra,TE,PHI,
00-0035264,Jarrett Stidham,QB,DEN,"https://static.www.nfl.com/image/upload/f_auto,q_auto/league/uzdn86skeienyyqxyiuw"
00-0035269,Matt Gay,K,LV,"https://static.www.nfl.com/image/upload/f_auto,q_auto/league/opglxpqmhu21eydoyvg2"
00-0037098,Samori Toure,WR,PHI,
00-0035289,Gardner Minshew,QB,ARI,"https://static.www.nfl.com/image/upload/f_auto,q_auto/league/knlacyr7rqfkcxiriudj"
00-0037120,Tyler Goodson,RB,ATL,
00-0037132,Britain Covey,WR,PHI,
00-0037156,Irvin Charles,WR,SEA,
00-0035358,Chase McLaughlin,K,TB,"https://static.www.nfl.com/image/upload/f_auto,q_auto/league/enkzsuyzk232mbq5oe4w"
00-0035406,Lil'Jordan Humphrey,WR,DEN,"https://static.www.nfl.com/image/upload/f_auto,q_auto/league/otxrvkflhixz9akhmfqq"
00-0035535,Darius Slayton,WR,NYG,"https://static.www.nfl.com/image/upload/f_auto,q_auto/league/otksyfjll5waf0vsczeu"
00-0035537,Ty Johnson,RB,BUF,"https://static.www.nfl.com/image/upload/f_auto,q_auto/league/zruhihypizhtgpvsaj3c"
00-0035631,Drew Sample,TE,CIN,"https://static.www.nfl.com/image/upload/f_auto,q_auto/league/mmxrr2k7gdfowqpyxtr7"
00-0035640,DK Metcalf,WR,PIT,"https://static.www.nfl.com/image/upload/f_auto,q_auto/league/kxql4sjfelubhxawu2zh"
00-0035644,Noah Fant,TE,NO,"https://static.www.nfl.com/image/upload/f_auto,q_auto/league/lijnonbrcmplvkcb5kqv"
00-0033555,Mack Hollins,WR,NE,"https://static.www.nfl.com/image/upload/f_auto,q_auto/league/qbz7whjzsittudcecezw"
00-0037258,Dameon Pierce,RB,PHI,
00-0037277,Teagan Quitoriano,TE,ARI,
00-0037031,Nikola Kalinic,TE,CHI,
00-0037282,James Mitchell,TE,CAR,
00-0037078,Cole Turner,TE,MIA,
00-0037300,Mike Woods,WR,DEN,
00-0037317,Nick Muse,TE,ATL,
00-0037324,Chris Oladokun,QB,KC,
00-0037329,Brittain Brown,RB,CHI,
00-0037340,Zaire Mitchell-Paden,TE,NO,
00-0037348,Tanner Conner,TE,NYG,
00-0037380,Kaden Davis,WR,CHI,
00-0037410,Jashaun Corbin,RB,DAL,
00-0037422,Kendric Pryor,WR,CIN,
00-0037475,Stone Smartt,TE,PHI,
00-0037487,Deven Thompkins,WR,LV,
00-0037509,Sincere McCormick,RB,SF,
00-0037539,Lucas Krull,TE,DEN,
00-0037267,Jerome Ford,RB,WAS,
00-0037276,Ty Chandler,RB,NO,
00-0037708,Maurice Alexander,WR,CHI,
00-0037327,Skylar Thompson,QB,BAL,
00-0037745,Velus Jones Jr.,RB,SEA,
00-0037828,Danny Gray,WR,PHI,
00-0038040,Zamir White,RB,NO,
00-0037570,Dennis Houston,WR,TB,
00-0038092,Erik Ezukanma,WR,PHI,
00-0038098,Pierre Strong,RB,GB,
00-0038108,Bailey Zappe,QB,NYJ,
00-0038152,Lucas Havrisik,K,GB,
00-0038181,Lucky Jackson,WR,DET,
00-0038354,Tanner Brown,K,NO,
00-0038389,Israel Abanikanda,RB,DAL,
00-0037837,Calvin Austin III,WR,NYG,
00-0038391,Sean Clifford,QB,CIN,
00-0038394,Will Mallory,TE,IND,
00-0038396,Eric Gray,RB,NYG,
00-0038397,Evan Hull,RB,ARI,
00-0038097,Cade York,K,NYJ,
00-0033955,Jeremy McNichols,RB,WAS,
00-0031503,Jameis Winston,QB,NYG,"https://static.www.nfl.com/image/upload/f_auto,q_auto/league/e5qyxnibbyawi0pvfpjl"
00-0034272,Marquez Valdes-Scantling,WR,DAL,
00-0034386,Justin Watson,WR,HOU,
00-0034419,Braxton Berrios,WR,NYG,
00-0034487,Trent Sherfield,WR,BUF,
DST_HOU,HOU D/ST,DST,HOU,
00-0031588,Stefon Diggs,WR,WAS,"https://static.www.nfl.com/image/upload/f_auto,q_auto/league/cemcexmscsarpvwhafln"
00-0031610,Darren Waller,TE,CAR,"https://static.www.nfl.com/image/upload/f_auto,q_auto/league/loyehiyzcu2lexjk7plq"
00-0034867,Malik Turner,WR,SF,
00-0032104,Ameer Abdullah,RB,JAX,"https://static.www.nfl.com/image/upload/f_auto,q_auto/league/k8teyeiqchljlm0h5te4"
00-0038406,Zack Kuntz,TE,DAL,
00-0038409,Lew Nichols III,RB,PIT,
00-0032268,Marcus Mariota,QB,WAS,"https://static.www.nfl.com/image/upload/f_auto,q_auto/league/grx6m1fmu1odltjo3y31"
00-0032392,Austin Hooper,TE,ATL,"https://static.www.nfl.com/image/upload/f_auto,q_auto/league/dd0j9ccd8fxokl48alzg"
00-0038440,Zavier Scott,RB,MIN,
00-0032464,Kalif Raymond,WR,CHI,"https://static.www.nfl.com/image/upload/f_auto,q_auto/league/dpdv6dm0almcbjdppizx"
00-0038458,Owen Wright,RB,HOU,
DST_IND,IND D/ST,DST,IND,
DST_JAX,JAX D/ST,DST,JAX,
00-0038489,Ben VanSumeren,RB,BUF,
00-0038492,Jason Brownlee,WR,KC,
00-0038496,Xavier Gipson,WR,NYG,
DST_KC,KC D/ST,DST,KC,
DST_LAC,LAC D/ST,DST,LAC,
DST_LV,LV D/ST,DST,LV,
00-0038550,Hendon Hooker,QB,TEN,
00-0038562,Jake Moody,K,WAS,
00-0035659,Terry McLaurin,WR,WAS,"https://static.www.nfl.com/image/upload/f_auto,q_auto/league/tmfl2zruajmkrtcg4zxp"
00-0035662,Marquise Brown,WR,PHI,"https://static.www.nfl.com/image/upload/f_auto,q_auto/league/shkjxggufymydgp6wk3p"
00-0038576,Charlie Jones,WR,CIN,
00-0033908,Cooper Kupp,WR,SEA,"https://static.www.nfl.com/image/upload/f_auto,q_auto/league/kjixprihktsfog6wx9sq"
00-0034854,KhaDarel Hodge,WR,SF,"https://static.www.nfl.com/image/upload/f_auto,q_auto/league/r6vyxamrbb62lcccap2r"
00-0034869,Sam Darnold,QB,SEA,"https://static.www.nfl.com/image/upload/f_auto,q_auto/league/fyay8vruj0cqmhopufzk"
00-0035719,Deebo Samuel Sr.,WR,SF,"https://static.www.nfl.com/image/upload/f_auto,q_auto/league/ntgyhqg6hq7fanhhsqiw"
00-0035685,David Montgomery,RB,HOU,"https://static.www.nfl.com/image/upload/f_auto,q_auto/league/csz0c9roa4pqsccothxg"
00-0038612,A.T. Perry,WR,PIT,
00-0038614,Scott Matlock,RB,LAC,
00-0035689,Dawson Knox,TE,BUF,"https://static.www.nfl.com/image/upload/f_auto,q_auto/league/k8bi9ppahwfmoxs8ij4w"
00-0035710,Daniel Jones,QB,IND,"https://static.www.nfl.com/image/upload/f_auto,q_auto/league/ohvvctuykzwrpqer7xgl"
00-0038622,Deuce Vaughn,RB,HOU,
00-0038632,Colton Dowell,WR,SF,
00-0038636,Kenny McIntosh,RB,SEA,
00-0035993,Tyler Huntley,QB,BAL,"https://static.www.nfl.com/image/upload/f_auto,q_auto/league/fxyjf9d5qkwqjdd8ypvv"
00-0038679,Tyrell Shavers,WR,BUF,
00-0038647,Ronnie Bell,WR,NO,
00-0038658,Adrian Martinez,QB,SF,
00-0038678,Jordan Mims,RB,PHI,
00-0036040,Juwan Johnson,TE,NO,"https://static.www.nfl.com/image/upload/f_auto,q_auto/league/ahzqkvhjot6lygwr4ccb"
00-0038735,Princeton Fant,TE,DAL,
DST_LA,LA D/ST,DST,LA,
00-0036139,Rico Dowdle,RB,PIT,"https://static.www.nfl.com/image/upload/f_auto,q_auto/league/mx2bxccuzmdvzbksypws"
00-0038752,Jake Bobo,WR,SEA,
00-0036158,J.K. Dobbins,RB,DEN,"https://static.www.nfl.com/image/upload/f_auto,q_auto/league/cevotvl3ho5h1mioruyg"
00-0036162,Tyler Bass,K,BUF,"https://static.www.nfl.com/image/upload/f_auto,q_auto/league/rwidgp7jp8vxhssi7und"
00-0038740,Jalen Moreno-Cropper,WR,NO,
00-0038748,B.T. Potter,K,TB,
00-0036187,Reggie Gilliam,RB,NE,"https://static.www.nfl.com/image/upload/f_auto,q_auto/league/jjntivnnkczvlclkiwwm"
00-0038794,Jaleel McLaughlin,RB,DEN,
00-0036212,Tua Tagovailoa,QB,ATL,"https://static.www.nfl.com/image/upload/f_auto,q_auto/league/tmm4ohds7qci0vqoobhm"
DST_MIA,MIA D/ST,DST,MIA,
DST_MIN,MIN D/ST,DST,MIN,
00-0038839,Mitchell Tinsley,WR,CIN,
DST_SF,SF D/ST,DST,SF,
DST_NO,NO D/ST,DST,NO,
00-0038979,Cedric Tillman,WR,CLE,
00-0039144,Luke Musgrave,TE,GB,
00-0039165,Zach Charbonnet,RB,SEA,
00-0039230,Dante Miller,RB,NYG,
00-0039236,Johnny Wilson,WR,PHI,
00-0039244,Chris Collier,RB,LV,
DST_NYG,NYG D/ST,DST,NYG,
DST_NYJ,NYJ D/ST,DST,NYJ,
DST_PHI,PHI D/ST,DST,PHI,
00-0039363,Isaac Guerendo,RB,SF,
DST_PIT,PIT D/ST,DST,PIT,
DST_TB,TB D/ST,DST,TB,
DST_TEN,TEN D/ST,DST,TEN,
00-0039473,Xavier Johnson,WR,CIN,
00-0039489,Hayden Rucci,TE,SF,
00-0028986,Case Keenum,QB,CHI,"https://static.www.nfl.com/image/upload/f_auto,q_auto/league/weixhyzal4ntsyszyepu"
00-0029892,Kyle Juszczyk,RB,SF,"https://static.www.nfl.com/image/upload/f_auto,q_auto/league/tsejiiddtouukwyyqr9q"
00-0031235,Odell Beckham Jr.,WR,NYG,"https://static.www.nfl.com/image/upload/f_auto,q_auto/league/ffmalg3wr7lwnsz59i7v"
00-0031595,Michael Burton,RB,CLE,"https://static.www.nfl.com/image/upload/f_auto,q_auto/league/ibyeabk3yu68mgipxklr"
00-0039534,Carter Bradley,QB,JAX,
00-0032726,Ka'imi Fairbairn,K,HOU,"https://static.www.nfl.com/image/upload/f_auto,q_auto/league/nbrs7doetqydf2rzhjjl"
00-0039577,Kedon Slovis,QB,ARI,
00-0032764,Derrick Henry,RB,BAL,"https://static.www.nfl.com/image/upload/f_auto,q_auto/league/tm79x0iknqg6hms3ypyt"
00-0039631,Cam Grandy,TE,CIN,
00-0032950,Carson Wentz,QB,MIN,"https://static.www.nfl.com/image/upload/f_auto,q_auto/league/vuolixdvigc8axelug66"
00-0039650,Bryce Oliver,WR,TEN,
00-0032951,Laquon Treadwell,WR,IND,"https://static.www.nfl.com/image/upload/f_auto,q_auto/league/xspi3oy2wlnszorzn6vk"
00-0039677,Sam Hartman,QB,WAS,
00-0039679,Ben Nikkel,WR,IND,
00-0033077,Dak Prescott,QB,DAL,"https://static.www.nfl.com/image/upload/f_auto,q_auto/league/yvscmqq1qki8zfsemmcd"
00-0039379,Jamari Thrash,WR,CLE,
00-0032775,Demarcus Robinson,WR,SF,"https://static.www.nfl.com/image/upload/f_auto,q_auto/league/cokassoz2z7hb4wk2krh"
00-0033106,Jared Goff,QB,DET,"https://static.www.nfl.com/image/upload/f_auto,q_auto/league/kaicbot8qhzrvddilbtp"
00-0039420,Jaheim Bell,TE,PIT,
00-0036223,Jonathan Taylor,RB,IND,"https://static.www.nfl.com/image/upload/f_auto,q_auto/league/yw46ky6akdm7h7siofu8"
00-0039458,Brenden Bates,TE,CLE,
00-0036252,Michael Pittman,WR,PIT,"https://static.www.nfl.com/image/upload/f_auto,q_auto/league/q1ythn05kwcmdr4mwzll"
00-0036259,Jauan Jennings,WR,MIN,"https://static.www.nfl.com/image/upload/f_auto,q_auto/league/ben8kbygzzlid6ltmdum"
00-0036264,Jordan Love,QB,GB,"https://static.www.nfl.com/image/upload/f_auto,q_auto/league/thz8stjkbjwddxqnozi5"
00-0036265,AJ Dillon,RB,CAR,"https://static.www.nfl.com/image/upload/f_auto,q_auto/league/imxxt8yrbrxptoxr1hw5"
00-0039521,Xavier Weaver,WR,ARI,
00-0036275,D'Andre Swift,RB,CHI,"https://static.www.nfl.com/image/upload/f_auto,q_auto/league/owpmwzoilitcodc6cmxo"
00-0036290,Cole Kmet,TE,CHI,"https://static.www.nfl.com/image/upload/f_auto,q_auto/league/ysnui8mzlu2fo70ub0yt"
00-0039623,Mason Tipton,WR,NO,
00-0039626,Cole Burgess,WR,PIT,
00-0033090,Hunter Henry,TE,NE,"https://static.www.nfl.com/image/upload/f_auto,q_auto/league/cvlunbqgztudbhjrug7l"
00-0033110,Tyler Higbee,TE,LA,"https://static.www.nfl.com/image/upload/f_auto,q_auto/league/x1d4osiefibd04df6gow"
00-0036244,Colby Parkinson,TE,LA,"https://static.www.nfl.com/image/upload/f_auto,q_auto/league/qsyrgtfjj06wryahnxc9"
00-0040200,Andy Borregales,K,NE,"https://static.www.nfl.com/image/upload/f_auto,q_auto/league/x2fxn5qf6zkgmvedjpys"
00-0040556,Corey Kiner,RB,NE,"https://static.www.nfl.com/image/upload/f_auto,q_auto/league/tpnamrgzfbytwlzhhyf8"
00-0032156,Trevor Siemian,QB,ATL,
00-0032208,Phillip Dorsett,WR,LV,
00-0039737,Tip Reiman,TE,ARI,
00-0032394,Nick Vannett,TE,SEA,
00-0040621,Montorie Foster Jr,WR,SEA,"https://static.www.nfl.com/image/upload/f_auto,q_auto/league/qkyl0pfhi4pmzdtodu9k"
DST_NE,NE D/ST,DST,NE,
DST_SEA,SEA D/ST,DST,SEA,
00-0039757,Terrell Jennings,RB,NE,
00-0033319,Nick Mullens,QB,JAX,
00-0033455,Anthony Firkser,TE,WAS,
00-0033553,James Conner,RB,ARI,
00-0033589,David Moore,WR,CAR,
00-0039907,Ja'Lynn Polk,WR,NO,
00-0039916,Ricky Pearsall,WR,SF,
00-0039750,Joshua Karty,K,LA,
00-0034955,Brett Rypien,QB,HOU,
00-0039392,Jha'Quan Jackson,WR,TB,
00-0039703,Cody Schrader,RB,DEN,
00-0039710,Jeshaun Jones,WR,MIN,
00-0039722,JaQuae Jackson,WR,LAC,
00-0039921,Trey Benson,RB,ARI,
00-0039747,Ainias Smith,WR,CAR,
00-0039754,Devin Culp,TE,TB,
00-0040415,Connor Bazelak,QB,TB,
00-0040419,Garrett Greene,WR,TB,
00-0040429,Josh Williams,RB,TB,
00-0040431,Dalen Cambre,WR,NYG,
00-0040432,Beaux Collins,WR,ATL,
00-0040438,Antwane Wells Jr.,WR,ATL,
00-0040445,Courtney Jackson,WR,TEN,
00-0040464,DJ Uiagalelei,QB,LAC,
00-0040476,Ulysses Bentley IV,RB,IND,
00-0040488,Carter Runyon,TE,LV,
00-0040222,Cam Miller,QB,MIA,
00-0040552,Joshua Simon,TE,ATL,
00-0040498,Dontae Fleming,WR,MIN,
00-0040504,Bryson Nesbit,TE,MIN,
00-0036309,Darnell Mooney,WR,NYG,"https://static.www.nfl.com/image/upload/f_auto,q_auto/league/eaejonwaflt9drrs9ika"
00-0041149,Haynes King,QB,CAR,"https://static.www.nfl.com/image/upload/f_auto,q_auto/league/qcloyq4ahyh0hfzo6i0i"
00-0040526,Tre Stewart,RB,ARI,
00-0040570,Jeremiah Webb,WR,NE,
00-0040528,JJ Galbreath,TE,IND,
00-0040530,Ben Sauls,K,NYG,
00-0040547,Nate Carter,RB,ATL,
00-0040551,Nick Nash,WR,WAS,
00-0040553,Quincy Skinner Jr.,WR,NYJ,
00-0036410,Tee Higgins,WR,CIN,"https://static.www.nfl.com/image/upload/f_auto,q_auto/league/gpwtyv3viwy9q4ewderl"
00-0040558,Isaiah Neyor,WR,GB,
00-0036422,Adam Trautman,TE,DEN,"https://static.www.nfl.com/image/upload/f_auto,q_auto/league/bqsgkwkfolczyrxmdp1j"
00-0040566,CJ Dippre,TE,NE,
00-0040567,Brock Lampe,RB,SEA,
00-0040603,Mario Williams,WR,LA,
00-0040609,Tru Edwards,WR,LA,
00-0040571,Gee Scott Jr.,WR,NYJ,
00-0036429,Charlie Woerner,TE,ATL,"https://static.www.nfl.com/image/upload/f_auto,q_auto/league/tuzldnhk23mvsapfejqd"
00-0036442,Joe Burrow,QB,CIN,"https://static.www.nfl.com/image/upload/f_auto,q_auto/league/gnnvcgui1cijybukk2w7"
00-0036463,Chris Blair,WR,ATL,"https://static.www.nfl.com/image/upload/f_auto,q_auto/league/gfkhv6k1wr45fnhl0p1d"
00-0036550,Rashod Bateman,WR,BAL,"https://static.www.nfl.com/image/upload/f_auto,q_auto/league/gtktmsfcxc1eijwpwzyq"
00-0040586,Jaydon Blue,RB,DAL,
00-0036554,Nico Collins,WR,HOU,"https://static.www.nfl.com/image/upload/f_auto,q_auto/league/fguybjrn1kwflxm5szwq"
00-0036555,Chuba Hubbard,RB,CAR,"https://static.www.nfl.com/image/upload/f_auto,q_auto/league/rzsvnt0pxsaize2ndhxm"
00-0040649,Robbie Ouzts,RB,SEA,
00-0040597,Brennan Presley,WR,LA,
00-0036556,Brevin Jordan,TE,HOU,"https://static.www.nfl.com/image/upload/f_auto,q_auto/league/rn42gehfbeflx2px8njx"
00-0040601,Jordan Waters,RB,LA,
00-0040616,Kisean Johnson,WR,GB,
00-0040617,Luke Floriea,WR,CLE,
00-0040618,Max Hurleman,RB,PIT,
00-0036590,Quintin Morris,TE,JAX,"https://static.www.nfl.com/image/upload/f_auto,q_auto/league/auqtvapzdtpdxg6myw6b"
00-0040628,Drake Dabney,TE,GB,
00-0040629,Dalevon Campbell,WR,LAC,
00-0040633,Kyrese Rowan,WR,DEN,
00-0040637,Lucas Scott,RB,BAL,
00-0040644,Trevor Etienne,RB,CAR,
00-0036613,Jaylen Waddle,WR,DEN,"https://static.www.nfl.com/image/upload/f_auto,q_auto/league/gkh7m1jedon9mwn5jlf1"
00-0036626,Dyami Brown,WR,WAS,"https://static.www.nfl.com/image/upload/f_auto,q_auto/league/addv9eheok1jj7amfkpb"
00-0040651,Damien Martinez,RB,GB,
00-0040653,Ricky White III,WR,SEA,
00-0040656,Hunter Dekkers,QB,NO,
00-0036628,John Bates,TE,WAS,"https://static.www.nfl.com/image/upload/f_auto,q_auto/league/sqaiwpind6kk4ns4acql"
00-0036630,Tylan Wallace,WR,CLE,"https://static.www.nfl.com/image/upload/f_auto,q_auto/league/rifnnpeub6okv41offnd"
00-0036637,Noah Gray,TE,KC,"https://static.www.nfl.com/image/upload/f_auto,q_auto/league/bpmlguml8jth2rbdfyp5"
00-0036646,Simi Fehoko,WR,ARI,"https://static.www.nfl.com/image/upload/f_auto,q_auto/league/eep30drknwucjdj6tivh"
00-0036754,Brock Wright,TE,DET,"https://static.www.nfl.com/image/upload/f_auto,q_auto/league/ghmaeofuj87fm97yhvcp"
00-0036816,Riley Patterson,K,MIA,"https://static.www.nfl.com/image/upload/f_auto,q_auto/league/xjg7x98iyq5hlgjc62ot"
00-0036825,Feleipe Franks,TE,CAR,"https://static.www.nfl.com/image/upload/f_auto,q_auto/league/nbn1wxlh6los4y2am3ro"
00-0036842,Kene Nwangwu,RB,NYJ,"https://static.www.nfl.com/image/upload/f_auto,q_auto/league/rlnqgz517fsohrndgjrb"
00-0040692,Jarquez Hunter,RB,MIA,
00-0040697,Thomas Gordon,TE,DET,
00-0040702,Mitch Van Vooren,TE,DAL,
00-0040704,Dillon Gabriel,QB,CLE,
00-0036849,Tutu Atwell,WR,LA,"https://static.www.nfl.com/image/upload/f_auto,q_auto/league/tl2aa9ucbtcwhr1yk3tf"
00-0040853,Carson Towt,TE,IND,
00-0040753,Will Sheppard,WR,GB,
00-0040769,Jaden Smith,WR,DAL,
00-0040901,Jaren Kanak,TE,TEN,
00-0040788,Damien Alford,WR,NO,
00-0040792,Layne Pryor,TE,HOU,
00-0040927,Dae'Quan Wright,TE,PHI,
00-0040942,Kyron Drones,QB,GB,
00-0040888,Adam Randall,RB,BAL,
00-0040953,Jeff Caldwell,WR,KC,
00-0040955,John Michael Gyllenborg,TE,KC,
00-0040895,Emmanuel Henderson Jr.,WR,SEA,
00-0040900,Anthony Smith,WR,DAL,
00-0040912,Hank Beatty,WR,TEN,
00-0040919,Tyren Montgomery,WR,TEN,
00-0040934,Jordan Hudson,WR,DAL,
00-0040937,Dominic Richardson,RB,NYJ,
00-0040938,DJ Rogers,TE,DAL,
00-0040939,Michael Trigg,TE,DAL,
00-0040945,R.J. Maryland,TE,GB,
00-0040946,Jaden Nixon,RB,GB,
00-0040954,Omari Evans,WR,KC,
00-0040959,Jaydn Ott,RB,KC,
00-0040964,EJ Smith,RB,KC,
00-0040967,Jacob De Jesus,WR,KC,
00-0040970,Michael Briscoe,WR,MIN,
00-0040974,Lance Mason,TE,PIT,
00-0040977,Cortez Braham,WR,BAL,
00-0040984,Dontae McMillan,RB,BAL,
00-0040985,Diego Pavia,QB,BAL,
00-0040986,Ty Pezza,WR,BAL,
00-0040989,Octavian Smith,WR,BAL,
00-0040991,Elijah Tau-Tolliver,RB,BAL,
00-0040996,Jacob Clark,QB,LV,
00-0041047,Chris Brazzell,WR,CAR,
00-0040998,Roman Hemby,RB,LV,
00-0023459,Aaron Rodgers,QB,PIT,"https://static.www.nfl.com/image/upload/f_auto,q_auto/league/dypvakakxhccxs67tb0y"
00-0025565,Nick Folk,K,ATL,"https://static.www.nfl.com/image/upload/f_auto,q_auto/league/qf6vaghxuoxqw0pyrvg3"
00-0026158,Joe Flacco,QB,CIN,"https://static.www.nfl.com/image/upload/f_auto,q_auto/league/dre1d2f2d6dxqohzn5l2"
00-0026300,Josh Johnson,QB,CIN,
00-0027973,Andy Dalton,QB,PHI,"https://static.www.nfl.com/image/upload/f_auto,q_auto/league/sfsneh0bn46e2kwve7sr"
00-0028118,Tyrod Taylor,QB,GB,"https://static.www.nfl.com/image/upload/f_auto,q_auto/league/whpztm9akd7yefplp37r"
00-0029604,Kirk Cousins,QB,LV,"https://static.www.nfl.com/image/upload/f_auto,q_auto/league/za7cynvpwlsro1tsaijk"
00-0030279,Keenan Allen,WR,IND,"https://static.www.nfl.com/image/upload/f_auto,q_auto/league/ri267r6lzfwarh89hsn6"
00-0030506,Travis Kelce,TE,KC,"https://static.www.nfl.com/image/upload/f_auto,q_auto/league/dpxovcfku6ud2aohgf6a"
00-0030565,Geno Smith,QB,NYJ,"https://static.www.nfl.com/image/upload/f_auto,q_auto/league/zppfqqcyjfma14jjif3a"
00-0031136,Chris Boswell,K,PIT,"https://static.www.nfl.com/image/upload/f_auto,q_auto/league/rxbnhvnfjmheuryvdmuf"
00-0031237,Teddy Bridgewater,QB,DET,
00-0031203,Cairo Santos,K,CHI,"https://static.www.nfl.com/image/upload/f_auto,q_auto/league/tz5ecjri52gwpoo9s7be"
00-0031484,Chris Manhertz,TE,NYG,"https://static.www.nfl.com/image/upload/f_auto,q_auto/league/bw0kytk1nwrdln9t3wzg"
00-0026498,Matthew Stafford,QB,LA,"https://static.www.nfl.com/image/upload/f_auto,q_auto/league/jwpkjfrkzufdyh8u1mg7"
00-0031381,Davante Adams,WR,LA,"https://static.www.nfl.com/image/upload/f_auto,q_auto/league/tdzluk4xau3arxqk9zsl"
00-0031408,Mike Evans,WR,SF,"https://static.www.nfl.com/image/upload/f_auto,q_auto/league/zc4ujpmndyxrbiyyjomz"
00-0032385,Sterling Shepard,WR,HOU,
00-0032398,Chris Moore,WR,BAL,
00-0032434,Brandon Allen,QB,NYG,
00-0022942,Philip Rivers,QB,IND,
00-0023853,Matt Prater,K,BUF,
00-0024243,Marcedes Lewis,TE,DEN,
00-0026858,Graham Gano,K,NYG,
00-0029263,Russell Wilson,QB,NYG,
00-0029822,Brandon McManus,K,GB,
00-0030035,Adam Thielen,WR,PIT,
00-0030061,Zach Ertz,TE,WAS,
00-0030564,DeAndre Hopkins,WR,BAL,
00-0031236,Brandin Cooks,WR,BUF,
00-0031345,Jimmy Garoppolo,QB,LA,
00-0031687,Raheem Mostert,RB,LV,
00-0031763,DeAndre Carter,WR,CLE,
00-0032211,Tyler Lockett,WR,LV,
00-0031492,Jason Myers,K,SEA,"https://static.www.nfl.com/image/upload/f_auto,q_auto/league/zcd7q9loflr0t5bsvzig"
00-0033576,Eric Saubert,TE,SEA,"https://static.www.nfl.com/image/upload/f_auto,q_auto/league/czzieyox5rht6ae3g5tx"
00-0035676,A.J. Brown,WR,NE,"https://static.www.nfl.com/image/upload/f_auto,q_auto/league/qfhvjyssf0lwsh0kienp"
00-0035704,Drew Lock,QB,SEA,"https://static.www.nfl.com/image/upload/f_auto,q_auto/league/vdixnkk1uglfpwowalf8"
00-0032688,Robbie Chosen,WR,WAS,
00-0039299,George Holani,RB,SEA,"https://static.www.nfl.com/image/upload/f_auto,q_auto/league/pgwvv5qhcmnwf3tomy1a"
00-0039793,AJ Barner,TE,SEA,"https://static.www.nfl.com/image/upload/f_auto,q_auto/league/i0esiguve9if4ts5mm1q"
00-0039851,Drake Maye,QB,NE,"https://static.www.nfl.com/image/upload/f_auto,q_auto/league/s1nmoon2xnrc3bnyulv4"
00-0040131,Kyle Williams,WR,NE,"https://static.www.nfl.com/image/upload/f_auto,q_auto/league/xkicyhizq6sm86wr5osk"
00-0040568,Lan Larison,RB,NE,"https://static.www.nfl.com/image/upload/f_auto,q_auto/league/dfvjypx4regh68bhrrlt"
00-0033040,Tyreek Hill,WR,MIA,
00-0033282,Curtis Samuel,WR,BUF,
00-0033357,Taysom Hill,TE,NO,
00-0033572,Jamal Agnew,WR,ATL,
00-0033591,Noah Brown,WR,WAS,
00-0033699,Austin Ekeler,RB,WAS,
00-0033702,Younghoe Koo,K,NYG,
00-0033923,Kareem Hunt,RB,KC,
00-0033943,Josh Reynolds,WR,NYJ,
00-0033439,Pharaoh Brown,TE,IND,
00-0033854,Dare Ogunbowale,RB,LV,
00-0033891,Zay Jones,WR,HOU,
00-0034054,River Cracraft,WR,WAS,
00-0034073,Ross Dwelley,TE,DET,
00-0034084,Mike Badgley,K,BUF,
00-0034159,Will Dissly,TE,LAC,
00-0034367,Nyheim Hines,RB,NO,
00-0034521,Allen Lazard,WR,NYJ,
00-0034681,Chase Edmonds,RB,WAS,
00-0039107,Stetson Bennett,QB,LA,"https://static.www.nfl.com/image/upload/f_auto,q_auto/league/s0eo3fstv6rkitzbefzu"
00-0034791,Nick Chubb,RB,HOU,
00-0039365,Jacob Cowing,WR,SF,"https://static.www.nfl.com/image/upload/f_auto,q_auto/league/uarciagmnzmyzs102dv6"
00-0039498,Harrison Mevis,K,LA,"https://static.www.nfl.com/image/upload/f_auto,q_auto/league/yjmtai1e4eqbsw2yk6mh"
00-0039738,Blake Corum,RB,LA,"https://static.www.nfl.com/image/upload/f_auto,q_auto/league/axzqbqjkrbwfzodwwakq"
00-0039751,Jordan Whittington,WR,LA,"https://static.www.nfl.com/image/upload/f_auto,q_auto/league/enqcg1lgjkuk0hqz3qjc"
00-0034860,Dante Pettis,WR,NO,
00-0034928,Steven Sims,WR,ARI,
00-0034983,Hunter Renfrow,WR,CAR,
00-0035189,Matthew Wright,K,HOU,
00-0034613,Tanner Hudson,TE,CIN,"https://static.www.nfl.com/image/upload/f_auto,q_auto/league/pyl2bpjw0vy4idcseama"
00-0035243,Miles Sanders,RB,DAL,
00-0034794,Jason Sanders,K,NYJ,"https://static.www.nfl.com/image/upload/f_auto,q_auto/league/k3ldptfygihmqgl2eir6"
00-0033307,Kendrick Bourne,WR,ARI,"https://static.www.nfl.com/image/upload/f_auto,q_auto/league/yzfa94cmhpcqamrwzdzk"
00-0033375,Tim Patrick,WR,NYJ,"https://static.www.nfl.com/image/upload/f_auto,q_auto/league/hw06t7n00cfpt7euljza"
00-0035311,Myles Gaskin,RB,SEA,
00-0033376,Patrick Ricard,RB,NYG,"https://static.www.nfl.com/image/upload/f_auto,q_auto/league/nm7ezh46zd5bdxaxz6a9"
00-0033526,Samaje Perine,RB,CIN,"https://static.www.nfl.com/image/upload/f_auto,q_auto/league/fllwhcdovol5i7xxahf6"
00-0035639,Parris Campbell,WR,DAL,
00-0035645,Gunner Olszewski,WR,NYG,
00-0035726,Jakob Johnson,RB,HOU,
00-0035876,Andre Baccellia,WR,ARI,
00-0035956,Giovanni Ricci,TE,DET,
00-0036133,James Proche,WR,TEN,
00-0036196,Gabe Davis,WR,BUF,
00-0036328,Antonio Gibson,RB,NE,
00-0036360,Clyde Edwards-Helaire,RB,KC,
00-0036414,Cam Akers,RB,SEA,
00-0034407,Ray-Ray McCloud,WR,CHI,
00-0034775,Christian Kirk,WR,SF,
00-0034959,Andrew Beck,RB,NYJ,"https://static.www.nfl.com/image/upload/f_auto,q_auto/league/zv8xb3nfxamq7sqa1xqt"
00-0036527,DJ Turner,WR,LV,
00-0034960,Jakobi Meyers,WR,JAX,"https://static.www.nfl.com/image/upload/f_auto,q_auto/league/zrs4ij8mvw7wr1uujwew"
00-0036620,Dee Eskridge,WR,MIA,
00-0036950,Avery Williams,RB,NYJ,
00-0036984,Trey Sermon,RB,PIT,
00-0037015,Sal Cannella,TE,CLE,
00-0037306,John FitzPatrick,TE,GB,
00-0036332,Josiah Deguara,TE,NYG,
00-0036345,K.J. Osborn,WR,TEN,
00-0037542,John Parker Romo,K,ATL,
00-0037617,Hassan Haskins,RB,LAC,
00-0037654,Tucker Fisk,TE,LAC,
00-0036387,Jalen Reagor,WR,MIA,
00-0039843,Qadir Ismail,TE,CHI,
00-0036322,Justin Jefferson,WR,MIN,"https://static.www.nfl.com/image/upload/f_auto,q_auto/league/htjevkugzk6ietrjysny"
00-0036331,Devin Duvernay,WR,ARI,"https://static.www.nfl.com/image/upload/f_auto,q_auto/league/tj3t166iwsxbnyzxcyyl"
00-0036355,Justin Herbert,QB,LAC,"https://static.www.nfl.com/image/upload/f_auto,q_auto/league/jnkspnntgebegzp4ghve"
00-0041182,Drew Stevens,K,WAS,"https://static.www.nfl.com/image/upload/f_auto,q_auto/league/dzlynw7seoaqck1r2il3"
00-0041194,Jack Strand,QB,ATL,"https://static.www.nfl.com/image/upload/f_auto,q_auto/league/oadw9h9otuauaiv1vxvz"
DST_WAS,WAS D/ST,DST,WAS,
00-0036358,CeeDee Lamb,WR,DAL,"https://static.www.nfl.com/image/upload/f_auto,q_auto/league/mbblzwtynxr15ovzkevi"
00-0038456,Travis Vokolek,TE,ARI,
00-0038465,Malik Heath,WR,GB,
00-0037197,Isiah Pacheco,RB,DET,"https://static.www.nfl.com/image/upload/f_auto,q_auto/league/hkqb4imkum3vxxkwuetl"
00-0041170,Hayden Large,TE,CHI,"https://static.www.nfl.com/image/upload/f_auto,q_auto/league/gbhffvvzh3nnzpno5hhw"
00-0038582,Clayton Tune,QB,GB,
00-0038590,Justin Shorter,TE,LV,
00-0036389,Jalen Hurts,QB,PHI,"https://static.www.nfl.com/image/upload/f_auto,q_auto/league/xow5yvxjeqa6witmofmp"
00-0036407,Jerry Jeudy,WR,CLE,"https://static.www.nfl.com/image/upload/f_auto,q_auto/league/szca1v9butuqkjs7ekpm"
00-0038720,Julian Hill,TE,MIA,
00-0039229,Charlie Smyth,K,NO,
00-0037382,Brandon Johnson,WR,LV,
00-0037387,Jalen Virgil,WR,BUF,
00-0040202,Devin Neal,RB,NO,
00-0040205,Kalel Mullings,RB,TEN,
00-0040239,Kaden Prather,WR,GB,
00-0041152,Kobe Prentice,WR,NYG,
00-0041156,Mark Gronowski,QB,MIA,
00-0041158,Donaven McCulley,WR,MIA,
00-0041168,Omari Kelly,WR,CHI,
00-0041172,Miller Moss,QB,CHI,
00-0041174,Gabriel Plascencia,K,CHI,
00-0041176,Jaden Bradley,WR,WAS,
00-0041178,Robert Henry Jr.,RB,WAS,
00-0041179,Chris Hilton Jr.,WR,GB,
00-0041180,Quentin Moore,TE,WAS,
00-0041185,Vinny Anthony II,WR,ATL,
00-0041191,Cash Jones,RB,ATL,
00-0041195,Jack Velling,TE,ATL,
00-0041203,Joey Aguilar,QB,JAX,
00-0041205,Brady Boyd,WR,JAX,
00-0041216,Trebor Pena,WR,JAX,
00-0041217,J'Mari Taylor,RB,JAX,
00-0041220,Michael Wortham,WR,JAX,
00-0041222,Gabriel Benyard,WR,BUF,
00-0041228,Sahmir Hagans,WR,IND,
00-0041231,Lincoln Pare,RB,IND,
00-0041233,Raylen Sharpe,WR,IND,
00-0041237,Chase Curtis,TE,NYJ,
00-0041239,Chip Trayanum,RB,NYJ,
00-0041241,Kentrel Bullock,RB,CIN,
00-0036854,Evan McPherson,K,CIN,"https://static.www.nfl.com/image/upload/f_auto,q_auto/league/t6fs7i54i4n7xjiayoz0"
00-0036862,Ben Skowronek,WR,PIT,"https://static.www.nfl.com/image/upload/f_auto,q_auto/league/etozk8ja4u8lpjcvvo6l"
00-0036876,Kylen Granson,TE,TEN,"https://static.www.nfl.com/image/upload/f_auto,q_auto/league/ysbxmdw4da30q3kjb571"
00-0036879,Sam Ehlinger,QB,DEN,"https://static.www.nfl.com/image/upload/f_auto,q_auto/league/imtb2ia03w2ujrl9dprs"
00-0036893,Najee Harris,RB,NYG,"https://static.www.nfl.com/image/upload/f_auto,q_auto/league/grfxgbvqnzz40r7rdtvk"
00-0036894,Pat Freiermuth,TE,PIT,"https://static.www.nfl.com/image/upload/f_auto,q_auto/league/pyrdsypgggjshiaygkr7"
00-0036898,Davis Mills,QB,HOU,"https://static.www.nfl.com/image/upload/f_auto,q_auto/league/jh9e97vjzmeafx8jz0sn"
00-0036875,Rhamondre Stevenson,RB,NE,"https://static.www.nfl.com/image/upload/f_auto,q_auto/league/zmpuirvuw4r04inxth5i"
00-0036887,Luke Farrell,TE,SF,"https://static.www.nfl.com/image/upload/f_auto,q_auto/league/kdq2zratulrdsv4ykugy"
00-0039934,Jude McAtamney,K,NYG,
00-0036900,Ja'Marr Chase,WR,CIN,"https://static.www.nfl.com/image/upload/f_auto,q_auto/league/qya3dtjb5kgofcuj2tuw"
00-0036912,DeVonta Smith,WR,PHI,"https://static.www.nfl.com/image/upload/f_auto,q_auto/league/k724kq3hyv7jc0y9s03x"
00-0038891,Shedrick Jackson,WR,LV,
00-0038911,Malik Cunningham,WR,DET,
00-0038930,Carlos Washington,RB,MIA,
00-0038938,Jalin Hyatt,WR,NYG,
00-0038941,Tyler Scott,WR,LA,
00-0038953,Dylan Drummond,WR,ATL,
00-0038977,Tank Dell,WR,HOU,
00-0038998,Jake Haener,QB,NYG,
00-0039816,Anthony Gould,WR,IND,
00-0040406,Quentin Skinner,WR,NYJ,
00-0039884,Tahj Washington,WR,PHI,
00-0040240,Caleb Lohner,TE,DEN,
00-0040241,Dominic Lovett,WR,DET,
00-0040247,Junior Bergen,WR,NYJ,
00-0040259,Gage Larvadain,WR,CLE,
00-0040260,Ahmani Marshall,RB,CLE,
00-0040265,Ja'Seem Reed,WR,CAR,
00-0040275,JP Richardson,WR,CHI,
00-0040298,Andrew Armstrong,WR,KC,
00-0040317,Jacoby Jones,WR,WAS,
00-0040323,Chandler Brayboy,WR,JAX,
00-0040324,Cam Camper,WR,NYJ,
00-0040331,Patrick Herbert,TE,JAX,
00-0040337,Eli Pancol,WR,IND,
00-0040352,Coleman Owen,WR,IND,
00-0040361,Stephen Gosnell,WR,BUF,
00-0040048,Traeshon Holden,WR,DAL,
00-0041157,Anthony Hankerson,RB,MIA,
00-0041165,Coleman Bennett,RB,CHI,
00-0041187,Le'Meke Brockington,WR,ATL,
00-0041199,Caullin Lacy,WR,NYJ,
00-0041200,Sam Scott,RB,NYJ,
00-0041201,D.T. Sheffield,WR,NYJ,
00-0041207,Ethan Conner,TE,JAX,
00-0041215,Ben Patterson,WR,JAX,
00-0041221,Jackson Acker,RB,BUF,
00-0041229,E.J. Horton,WR,IND,
00-0036919,Kenny Gainwell,RB,TB,"https://static.www.nfl.com/image/upload/f_auto,q_auto/league/eo62l8ec8e3lzt86ihth"
00-0036945,Justin Fields,QB,KC,"https://static.www.nfl.com/image/upload/f_auto,q_auto/league/npjrombgxkc5vjkctcgy"
00-0040086,Mac Dalena,WR,BUF,
00-0036963,Amon-Ra St. Brown,WR,DET,"https://static.www.nfl.com/image/upload/f_auto,q_auto/league/fd8nwhm6pvxfyzphzl6i"
00-0036970,Kyle Pitts,TE,ATL,"https://static.www.nfl.com/image/upload/f_auto,q_auto/league/xczipzxvytnmvgznhhb4"
00-0037231,Kevin Austin Jr.,WR,NO,"https://static.www.nfl.com/image/upload/f_auto,q_auto/league/fh2yaqaxkornxeb7d9ie"
00-0040130,Jayden Higgins,WR,HOU,
00-0039023,Joel Wilson,TE,TEN,
00-0036971,Trevor Lawrence,QB,JAX,"https://static.www.nfl.com/image/upload/f_auto,q_auto/league/k9uzdernqkx7oquy7dkg"
00-0039052,Trey Palmer,WR,NO,
00-0036972,Mac Jones,QB,SF,"https://static.www.nfl.com/image/upload/f_auto,q_auto/league/mbdwfwiuhl0ib5ajtmzq"
00-0036973,Travis Etienne,RB,NO,"https://static.www.nfl.com/image/upload/f_auto,q_auto/league/pwko5dybmjie8qqo4qz2"
00-0036980,Elijah Moore,WR,PHI,"https://static.www.nfl.com/image/upload/f_auto,q_auto/league/wax90oyx9vs0x9j4nt5n"
00-0036988,Josh Palmer,WR,BUF,"https://static.www.nfl.com/image/upload/f_auto,q_auto/league/woswdfrtxnsfgzsjvsxx"
00-0036997,Javonte Williams,RB,DAL,"https://static.www.nfl.com/image/upload/f_auto,q_auto/league/xvwroirev2kie6oiphtz"
00-0037004,Hunter Long,TE,ARI,"https://static.www.nfl.com/image/upload/f_auto,q_auto/league/wlj6sdfj5qcy8bt2qyxb"
00-0037005,Tommy Tremble,TE,CAR,"https://static.www.nfl.com/image/upload/f_auto,q_auto/league/t7wjikfv09d3o1q7wjdx"
00-0037012,Trey Lance,QB,LAC,"https://static.www.nfl.com/image/upload/f_auto,q_auto/league/j3psmvvxo13kmbgi60ej"
00-0037013,Zach Wilson,QB,NO,"https://static.www.nfl.com/image/upload/f_auto,q_auto/league/i17xpbsar7evcypbhtel"
00-0037077,Sam Howell,QB,DAL,"https://static.www.nfl.com/image/upload/f_auto,q_auto/league/sx77bippywnl0dx6m8q9"
00-0037085,Tyler Badie,RB,DEN,"https://static.www.nfl.com/image/upload/f_auto,q_auto/league/ghhul5piv9vzeih6atsj"
00-0037091,Bo Melton,WR,GB,"https://static.www.nfl.com/image/upload/f_auto,q_auto/league/d7hxvsyeufobjykcxhls"
00-0037093,Dareke Young,WR,LV,"https://static.www.nfl.com/image/upload/f_auto,q_auto/league/xd0585sr1fy1wpry0ued"
00-0037112,Jake Tonges,TE,SF,"https://static.www.nfl.com/image/upload/f_auto,q_auto/league/z6goxhdhfc2m0rmwvtbl"
00-0037157,Bam Knight,RB,ARI,"https://static.www.nfl.com/image/upload/f_auto,q_auto/league/mjxnlzlnnwlfqayeybut"
00-0040211,Graham Mertz,QB,HOU,
00-0037224,Cameron Dicker,K,LAC,"https://static.www.nfl.com/image/upload/f_auto,q_auto/league/fvkop13kntnwv3amucpf"
00-0037228,Jaylen Warren,RB,PIT,"https://static.www.nfl.com/image/upload/f_auto,q_auto/league/dkiteytgnxar1mpaxcxv"
00-0041001,Matt Lauter,TE,MIN,
00-0041262,Laith Marjan,K,PIT,
00-0041004,Chase Roberts,WR,LV,
00-0041266,Keelan Marion,WR,ATL,
00-0041011,E.J. Williams Jr.,WR,LV,
00-0041016,Patrick Gurd,TE,LV,
00-0041020,Xavier Loyd,WR,KC,
00-0041281,T.J. Harden,RB,CLE,
00-0041022,Jonathan Brady,WR,LV,
00-0041029,Jordyn Tyson,WR,NO,
00-0041307,Josh Pitsenberger,RB,HOU,
00-0041322,Jimmy Kibble,WR,NE,
00-0041323,Myles Montgomery,RB,NE,
00-0041087,Joe Royer,TE,CLE,
00-0039152,Will Levis,QB,TEN,
00-0039259,Dayton Wade,WR,BAL,
00-0039263,McCallan Castles,TE,GB,
00-0039266,Kendall Milton,RB,CIN,
00-0039275,Messiah Swinson,TE,GB,
00-0039305,Jack Westover,TE,NE,
00-0039325,Carson Steele,RB,PHI,
00-0039329,Julian Hicks,WR,SEA,
00-0039386,Bub Means,WR,NO,
00-0041366,Jameson Geers,TE,ARI,
00-0039394,Casey Washington,WR,CAR,
00-0039397,Tejhaun Palmer,WR,NE,
00-0039405,Jawhar Jordan,RB,HOU,
00-0037238,Drake London,WR,ATL,"https://static.www.nfl.com/image/upload/f_auto,q_auto/league/mcllowcfrmmdeo4zy3g1"
00-0039415,Brenden Rice,WR,GB,
00-0041403,Rohan Jones,TE,LA,
00-0041407,Kyron Hudson,WR,CHI,
00-0041414,Matthew Caldwell,QB,LA,
00-0039437,Cornelius Johnson,WR,BAL,
00-0041422,Dan Villari,TE,LA,
00-0041433,Kadarius Calloway,RB,TB,
00-0039464,Austin Reed,QB,BAL,
00-0039466,Ian Wheeler,RB,BUF,
00-0041446,Kendrick Law,WR,DET,
00-0039471,Frank Gore Jr.,RB,BUF,
00-0037239,Chris Olave,WR,NO,"https://static.www.nfl.com/image/upload/f_auto,q_auto/league/onmxufsprtvglhejg94o"
00-0040375,Jordan Moore,WR,CIN,
00-0040387,Zach Horton,TE,DET,
00-0037240,Jameson Williams,WR,DET,"https://static.www.nfl.com/image/upload/f_auto,q_auto/league/byiptqggtglvy5qrw5wp"
00-0040394,Anthony Tyus III,RB,CAR,
00-0037247,George Pickens,WR,DAL,"https://static.www.nfl.com/image/upload/f_auto,q_auto/league/cbpyykoguf7rsxezqzvk"
00-0040405,Jamaal Pritchett,WR,NYJ,
00-0041129,Jam Miller,RB,NE,
00-0041139,Damon Bankston,RB,NYG,
00-0039550,Shawn Bowman,TE,ARI,
00-0039702,Mason Pline,TE,KC,
00-0040244,Moliki Matavao,TE,NO,
00-0040311,Theo Wease Jr.,WR,MIA,
00-0040009,Savion Williams,WR,GB,
00-0040021,Phil Mafah,RB,DAL,
00-0040039,Amar Johnson,RB,LAC,
00-0040046,Rivaldo Fairweather,TE,ARI,
00-0040049,Josh Kelly,WR,HOU,
00-0040053,Tyrone Broden,WR,SEA,
00-0040383,Bryson Green,WR,ARI,
00-0040388,Jakobie Keeney-James,WR,GB,
00-0040060,Marshall Lang,TE,MIN,
00-0040393,Kye Robichaux,RB,DET,
00-0040067,Jacardia Wright,RB,SEA,
00-0040400,Donovan Edwards,RB,MIA,
00-0040094,Tre Watson,TE,KC,
00-0040099,Xavier Guillory,WR,BAL,
00-0040120,Jimmy Holiday,WR,KC,
00-0040461,Luke Grimm,WR,LAC,
00-0037545,Rashid Shaheed,WR,SEA,"https://static.www.nfl.com/image/upload/f_auto,q_auto/league/ku2naisfbxmzgagxojnm"
00-0037557,Ronnie Rivers,RB,LA,"https://static.www.nfl.com/image/upload/f_auto,q_auto/league/t9l7jhs1jw1joy8jpxee"
00-0037248,James Cook,RB,BUF,"https://static.www.nfl.com/image/upload/f_auto,q_auto/league/anjbznqb9i21wzcgrtbs"
00-0037252,Greg Dulcich,TE,MIA,"https://static.www.nfl.com/image/upload/f_auto,q_auto/league/kw4cwgjl4kywh6le4sfh"
00-0037256,Rachaad White,RB,WAS,"https://static.www.nfl.com/image/upload/f_auto,q_auto/league/wtdhs50gcl2p6vngsnre"
00-0037261,Khalil Shakir,WR,BUF,"https://static.www.nfl.com/image/upload/f_auto,q_auto/league/syvp3hficobwcsim3i9v"
00-0037263,Tyler Allgeier,RB,ARI,"https://static.www.nfl.com/image/upload/f_auto,q_auto/league/sp9lhhmpv4qy3xy2msxd"
00-0037291,Jalen Nailor,WR,LV,"https://static.www.nfl.com/image/upload/f_auto,q_auto/league/nojopyt8hxuwycxyaokb"
00-0037292,Andrew Ogletree,TE,IND,"https://static.www.nfl.com/image/upload/f_auto,q_auto/league/wvcrk0ygv3coprxj4cnt"
00-0037304,Connor Heyward,RB,LV,"https://static.www.nfl.com/image/upload/f_auto,q_auto/league/nbbhxtutzvbj0ejljyyp"
00-0037311,Ko Kieft,TE,TB,"https://static.www.nfl.com/image/upload/f_auto,q_auto/league/whd4f9mav6qqckqltqwu"
00-0037524,Tay Martin,WR,DET,"https://static.www.nfl.com/image/upload/f_auto,q_auto/league/ttdp5v9tl0zqmb0dmmuv"
00-0037525,Jordan Mason,RB,MIN,"https://static.www.nfl.com/image/upload/f_auto,q_auto/league/qeeucinnxl8mpzaw23hc"
00-0037563,Malik Davis,RB,DAL,"https://static.www.nfl.com/image/upload/f_auto,q_auto/league/zvranxxyt8qeihn8c2q9"
00-0038809,Ben Sims,TE,MIA,"https://static.www.nfl.com/image/upload/f_auto,q_auto/league/rigksrncrdjmbhvfuclp"
00-0039652,Jabari Small,RB,DET,"https://static.www.nfl.com/image/upload/f_auto,q_auto/league/jevnypgyk9xm7tcfldvi"
00-0038589,Josh Whyle,TE,GB,"https://static.www.nfl.com/image/upload/f_auto,q_auto/league/an9hxzbzmg6kgkdai022"
00-0039398,Joe Milton III,QB,DAL,"https://static.www.nfl.com/image/upload/f_auto,q_auto/league/tsj9lobse1gxzanf39dt"
00-0038597,Chase Brown,RB,CIN,"https://static.www.nfl.com/image/upload/f_auto,q_auto/league/tch3y6jlj7khvyi9jg0c"
00-0041244,Jamal Haynes,RB,CIN,
00-0041246,Josh Kattus,TE,CIN,
00-0041248,Noah Thomas,WR,CIN,
00-0041252,Kenny Fletcher Jr.,TE,TB,
00-0041257,Eric Rivers Jr.,WR,TB,
00-0041263,Lake McRee,TE,PIT,
00-0041267,Malik McClain,WR,NYJ,
00-0041272,Ja'Mori Maclin,WR,BUF,
00-0041273,Desmond Reid,RB,BUF,
00-0041274,Max Tomczak,WR,BUF,
00-0041277,Davon Booth,RB,CLE,
00-0041287,Kole Wilson,WR,CLE,
00-0041292,Kolbe Katsis,WR,DEN,
00-0041293,Dane Key,WR,DEN,
00-0041294,Joseph Manjack,WR,DEN,
00-0041299,Cameron Ross,WR,DEN,
00-0041308,Treyvhon Saunders,WR,HOU,
00-0041309,Daniel Sobkowicz,WR,HOU,
00-0041311,Jalen Walthall,WR,NYJ,
00-0041312,Noah Whittington,RB,HOU,
00-0041317,Nick DeGennaro,WR,NE,
00-0041318,Kyle Dixon,WR,NE,
00-0041319,Cameron Dorner,WR,NE,
00-0041326,CJ Donaldson,RB,NO,
00-0041368,Harrison Wallace III,WR,ARI,
00-0041373,Jerand Bradley,WR,LAC,
00-0041374,Sincere Brown,WR,LAC,
00-0041376,Gregory Desrosiers,RB,LAC,
00-0041380,Devonte Ross,WR,LAC,
00-0041384,Evan Svoboda,TE,LAC,
00-0041415,Dean Connors,RB,LA,
00-0041435,Dean Patterson IV,WR,TB,
00-0039518,Treyton Welch,TE,NO,"https://static.www.nfl.com/image/upload/f_auto,q_auto/league/rutsetwerjfsym9ohqrs"
00-0037594,Julius Chestnut,RB,TEN,"https://static.www.nfl.com/image/upload/f_auto,q_auto/league/bkhv6hpjogvs5b31wwrs"
00-0037614,John Metchie III,WR,CAR,"https://static.www.nfl.com/image/upload/f_auto,q_auto/league/nsjpnskeldxzbzckpfgg"
00-0037664,Alec Pierce,WR,IND,"https://static.www.nfl.com/image/upload/f_auto,q_auto/league/qcg9t51wgp3hicavmkmy"
00-0037666,Jalen Tolbert,WR,MIA,"https://static.www.nfl.com/image/upload/f_auto,q_auto/league/dthrzudnyh1mcrh1det2"
00-0037692,Brandon Aubrey,K,DAL,"https://static.www.nfl.com/image/upload/f_auto,q_auto/league/bgwg06zmyohjxvzznbf6"
00-0041510,Max Klare,TE,LA,
DST_GB,GB D/ST,DST,GB,
00-0037740,Garrett Wilson,WR,NYJ,"https://static.www.nfl.com/image/upload/f_auto,q_auto/league/upxwxmhdd8xluztgqwhe"
00-0037741,Jahan Dotson,WR,ATL,"https://static.www.nfl.com/image/upload/f_auto,q_auto/league/gwuibfw7ljxudxtldcvh"
00-0041327,Cody Hardy,TE,NO,
00-0041333,Mason Shipley,K,NO,
00-0041350,Kejon Owens,RB,MIN,
00-0041352,Marcus Sanders Jr.,WR,MIN,
00-0041356,Luke Wysong,WR,MIN,
00-0037816,Romeo Doubs,WR,NE,"https://static.www.nfl.com/image/upload/f_auto,q_auto/league/yxvzijmgwyyigljxfmyb"
00-0037834,Brock Purdy,QB,SF,"https://static.www.nfl.com/image/upload/f_auto,q_auto/league/xs2fyj1sqdgwvt9ihbri"
00-0041485,Miles Davis,RB,CAR,
00-0041357,Khalil Dinkins,TE,SF,
00-0041359,Wesley Grimes,WR,SF,
00-0041536,Kyre Duplessis,WR,DET,
00-0041542,Malick Meiga,WR,CAR,
00-0041361,Will Pauling,WR,SF,
00-0037742,Treylon Burks,WR,WAS,"https://static.www.nfl.com/image/upload/f_auto,q_auto/league/bmozbzdxgnnwdniuvgnn"
00-0041451,Brock Rechsteiner,WR,NO,
00-0041452,Johnny Pascuzzi,TE,LAC,
00-0041453,Luke Altmyer,QB,DET,
00-0041457,Miles Kitselman,TE,DET,
00-0041467,Lewis Bond,WR,HOU,
00-0037744,Trey McBride,TE,ARI,"https://static.www.nfl.com/image/upload/f_auto,q_auto/league/psasp10nn5pcvkli9kil"
00-0041474,Mante Morrow,WR,LAC,
00-0041475,Trayvon Rudolph,WR,MIN,
00-0041476,Rashad Rochelle,WR,SEA,
00-0041481,Terrill Davis,WR,MIN,
00-0037746,Brian Robinson,RB,ATL,"https://static.www.nfl.com/image/upload/f_auto,q_auto/league/n1xhex1ytisxcbcggqu7"
00-0041486,Anderson Castle,RB,IND,
00-0037755,Jelani Woods,TE,NYJ,"https://static.www.nfl.com/image/upload/f_auto,q_auto/league/bnezem4laynlarqnpyc5"
00-0037801,KaVontae Turpin,WR,DAL,"https://static.www.nfl.com/image/upload/f_auto,q_auto/league/tayjlp1hgmm6rewgl1k4"
00-0041491,Aaron Anderson,WR,CLE,
00-0037805,Jeremy Ruckert,TE,NYJ,"https://static.www.nfl.com/image/upload/f_auto,q_auto/league/bcqcta7r1uee3rqhejdh"
00-0037809,Chig Okonkwo,TE,WAS,"https://static.www.nfl.com/image/upload/f_auto,q_auto/league/pzcez6pi9tpdqkmjjnzk"
00-0041516,Romello Brinson,WR,DAL,
00-0041535,Louis Hansen,TE,HOU,
00-0041566,Jeremiah Franklin,TE,MIA,
00-0041570,Tyler Moore,TE,IND,
00-0041571,Liam Clifford,WR,LAC,
00-0041572,Roydell Williams,RB,DET,
00-0041575,Jeff Weimer,WR,KC,
00-0041577,Connor Hulstein,TE,NYJ,
00-0041585,Grant Finley,RB,NYG,
00-0041588,Justin Jones,RB,SEA,
00-0041595,Barika Kpeenu,RB,TB,
00-0041599,Matthew Henry,WR,TB,
00-0040581,Dont'e Thornton Jr.,WR,LV,"https://static.www.nfl.com/image/upload/f_auto,q_auto/league/hlxztd3lpjaxtzojuxwh"
00-0038797,Emanuel Wilson,RB,SEA,"https://static.www.nfl.com/image/upload/f_auto,q_auto/league/uorruvczsxzvffpbxu8z"
00-0040302,A.J. Henning,WR,MIA,"https://static.www.nfl.com/image/upload/f_auto,q_auto/league/ijwatff81qf3jmikcryt"
00-0040494,Max Brosmer,QB,MIN,"https://static.www.nfl.com/image/upload/f_auto,q_auto/league/fpveluufmy7buwrhpiny"
00-0040522,Xavier Restrepo,WR,TEN,"https://static.www.nfl.com/image/upload/f_auto,q_auto/league/w4onu90fxjmlkmkchcg1"
00-0038685,Chris Brooks,RB,GB,"https://static.www.nfl.com/image/upload/f_auto,q_auto/league/ityat7ltppdxe9t0imjd"
00-0038705,Emari Demercado,RB,DAL,"https://static.www.nfl.com/image/upload/f_auto,q_auto/league/wu0sm9ttr4aiugi9fquf"
00-0038710,Blake Whiteheart,TE,CLE,"https://static.www.nfl.com/image/upload/f_auto,q_auto/league/senw8edxu2ovkg1dbdxs"
00-0038728,Jared Wayne,WR,HOU,"https://static.www.nfl.com/image/upload/f_auto,q_auto/league/ykhrjnmqsqyprplhy6pl"
00-0038738,Hunter Luepke,RB,DAL,"https://static.www.nfl.com/image/upload/f_auto,q_auto/league/m28qafff4o5vb3aaumiv"
00-0038783,Nate Adkins,TE,DEN,"https://static.www.nfl.com/image/upload/f_auto,q_auto/league/hedaw0ksq5qdzp9uhe3w"
00-0038488,Brady Russell,RB,SEA,"https://static.www.nfl.com/image/upload/f_auto,q_auto/league/vfz3osmr3fgeoyu5us80"
00-0038543,Jaxon Smith-Njigba,WR,SEA,"https://static.www.nfl.com/image/upload/f_auto,q_auto/league/yx1xjrupbqdknnjaq4a6"
00-0038621,DeMario Douglas,WR,NE,"https://static.www.nfl.com/image/upload/f_auto,q_auto/league/cm9vnzqu5phlmsocjwgc"
00-0038643,Brayden Willis,TE,SF,"https://static.www.nfl.com/image/upload/f_auto,q_auto/league/sdifjifrgrvunhiigdub"
00-0038428,Andre Szmyt,K,CLE,"https://static.www.nfl.com/image/upload/f_auto,q_auto/league/tkah6glpysuyq2a54gts"
00-0038454,Keaton Mitchell,RB,LAC,"https://static.www.nfl.com/image/upload/f_auto,q_auto/league/ztciwwpbyaffmckwrzdk"
00-0038476,Tommy DeVito,QB,NE,"https://static.www.nfl.com/image/upload/f_auto,q_auto/league/hb3m2zbfb5aprw6vdqx8"
00-0038498,E.J. Jenkins,TE,PHI,"https://static.www.nfl.com/image/upload/f_auto,q_auto/league/jmhuk0gcnyotcjhdxo6v"
00-0038519,Nikko Remigio,WR,KC,"https://static.www.nfl.com/image/upload/f_auto,q_auto/league/n6b1tsy32fswbd0xgsim"
00-0038542,Bijan Robinson,RB,ATL,"https://static.www.nfl.com/image/upload/f_auto,q_auto/league/esii5yb8yn9edboi4mlq"
00-0038544,Quentin Johnston,WR,LAC,"https://static.www.nfl.com/image/upload/f_auto,q_auto/league/lyvsrjh4mjb4dqwp6shm"
00-0038547,Luke Schoonmaker,TE,DAL,"https://static.www.nfl.com/image/upload/f_auto,q_auto/league/g1slhy5joxxfeudlzrh9"
00-0038551,Kendre Miller,RB,NO,"https://static.www.nfl.com/image/upload/f_auto,q_auto/league/vclaomtslw55smksopku"
00-0038555,Tank Bigsby,RB,PHI,"https://static.www.nfl.com/image/upload/f_auto,q_auto/league/vfkdjfpiyrcuzahrmfvn"
00-0038558,Darnell Washington,TE,PIT,"https://static.www.nfl.com/image/upload/f_auto,q_auto/league/inwx7uipfktapaump5pj"
00-0038559,Michael Wilson,WR,ARI,"https://static.www.nfl.com/image/upload/f_auto,q_auto/league/hm2b9z4zujjmbiyldh8n"
00-0038563,Tre Tucker,WR,LV,"https://static.www.nfl.com/image/upload/f_auto,q_auto/league/hazzk3hrcequzosdgzgv"
00-0038564,Cameron Latu,TE,NE,"https://static.www.nfl.com/image/upload/f_auto,q_auto/league/hquihmithkmhoncvkqwt"
00-0038567,Chad Ryland,K,ARI,"https://static.www.nfl.com/image/upload/f_auto,q_auto/league/gbfzwbzdl9wj582nh5g9"
00-0038573,Derius Davis,WR,LAC,"https://static.www.nfl.com/image/upload/f_auto,q_auto/league/ykmeihbr6903smvblzgc"
00-0038579,Aidan O'Connell,QB,LV,"https://static.www.nfl.com/image/upload/f_auto,q_auto/league/bcejxo7ofgk5pszhup12"
00-0038606,Parker Washington,WR,JAX,"https://static.www.nfl.com/image/upload/f_auto,q_auto/league/yn0hc5xrz5nqeccg8two"
00-0038608,Kayshon Boutte,WR,HOU,"https://static.www.nfl.com/image/upload/f_auto,q_auto/league/mg4icjqhwhnc5uobmau5"
00-0038611,Chris Rodriguez Jr.,RB,JAX,"https://static.www.nfl.com/image/upload/f_auto,q_auto/league/pknd5uajvpvfd8c744im"
00-0038618,Xavier Hutchinson,WR,HOU,"https://static.www.nfl.com/image/upload/f_auto,q_auto/league/n5baiu6sg9wh3xhhewkd"
00-0038619,Andrei Iosivas,WR,CIN,"https://static.www.nfl.com/image/upload/f_auto,q_auto/league/xhrvbt81iohroyftuyj2"
00-0038640,Jalen Brooks,WR,ARI,"https://static.www.nfl.com/image/upload/f_auto,q_auto/league/xeg0tvg6klf0afgddkq6"
00-0038824,Ryan Miller,WR,MIA,"https://static.www.nfl.com/image/upload/f_auto,q_auto/league/cyn2sjaozsadlvgarg6p"
00-0038840,Brycen Tremayne,WR,CAR,"https://static.www.nfl.com/image/upload/f_auto,q_auto/league/isc094ihkf69vzrlkiql"
00-0041342,Dillon Bell,WR,MIN,"https://static.www.nfl.com/image/upload/f_auto,q_auto/league/b9v5ex8bfoum15d8v2gf"
00-0037838,Isaiah Likely,TE,NYG,"https://static.www.nfl.com/image/upload/f_auto,q_auto/league/b1pahldt9ixp9lssxi2d"
00-0038041,Jake Ferguson,TE,DAL,"https://static.www.nfl.com/image/upload/f_auto,q_auto/league/xpykb0tbosfwsn6dqstb"
00-0041145,Dominic Zvada,K,NYG,"https://static.www.nfl.com/image/upload/f_auto,q_auto/league/rej45oauer8jysbtwbxm"
00-0041251,Jalon Daniels,QB,TB,"https://static.www.nfl.com/image/upload/f_auto,q_auto/league/hwhfl6i5drktwjvslfpn"
00-0041314,Tanner Arkin,TE,NE,"https://static.www.nfl.com/image/upload/f_auto,q_auto/league/vgc4lne9seywphzadlav"
00-0037840,Kyren Williams,RB,LA,"https://static.www.nfl.com/image/upload/f_auto,q_auto/league/xti3pek6rmojqchakxpy"
00-0038359,Xavier Smith,WR,LA,"https://static.www.nfl.com/image/upload/f_auto,q_auto/league/hqvwpitewijx8bjrcofe"
00-0038046,Charlie Kolar,TE,LAC,"https://static.www.nfl.com/image/upload/f_auto,q_auto/league/g75ws8vkqz9cqwifhcy7"
00-0038090,Skyy Moore,WR,GB,"https://static.www.nfl.com/image/upload/f_auto,q_auto/league/id9k0aylvgyq8lulabe3"
00-0038102,Kenny Pickett,QB,CAR,"https://static.www.nfl.com/image/upload/f_auto,q_auto/league/gw6lyiuevyuspfkglnmj"
00-0038104,Tyquan Thornton,WR,KC,"https://static.www.nfl.com/image/upload/f_auto,q_auto/league/bjqzuempyiwxe0hl7e5a"
00-0038115,Daniel Bellinger,TE,TEN,"https://static.www.nfl.com/image/upload/f_auto,q_auto/league/nvabdu88h2cvroeygabo"
00-0038117,Wan'Dale Robinson,WR,TEN,"https://static.www.nfl.com/image/upload/f_auto,q_auto/league/yzcvyhmilvxedfjfjglc"
00-0038120,Breece Hall,RB,NYJ,"https://static.www.nfl.com/image/upload/f_auto,q_auto/league/i01xtqbfajfq68lb6orh"
00-0038124,Christian Watson,WR,GB,"https://static.www.nfl.com/image/upload/f_auto,q_auto/league/tumeg4d32sirkab2xzu5"
00-0038128,Malik Willis,QB,MIA,"https://static.www.nfl.com/image/upload/f_auto,q_auto/league/txvgdbwbryzyyqq6gfet"
00-0038129,Cade Otton,TE,TB,"https://static.www.nfl.com/image/upload/f_auto,q_auto/league/yanr6h9aplae3jyzimf7"
00-0038134,Kenneth Walker III,RB,KC,"https://static.www.nfl.com/image/upload/f_auto,q_auto/league/vk6nruaqdewdglofcwwg"
00-0038393,Dontayvion Wicks,WR,PHI,"https://static.www.nfl.com/image/upload/f_auto,q_auto/league/v1lt8kpvkn0qw5elyaoz"
00-0038400,Tanner McKee,QB,PHI,"https://static.www.nfl.com/image/upload/f_auto,q_auto/league/oveivzhzv13jrfvkp8zg"
00-0038416,Tyson Bagent,QB,CHI,"https://static.www.nfl.com/image/upload/f_auto,q_auto/league/ymimvligfyrucu0v3p6a"
00-0038896,Jacob Saylors,RB,DET,"https://static.www.nfl.com/image/upload/f_auto,q_auto/league/wunm6abfmikwaewmwkp7"
00-0038905,Blake Grupe,K,NYJ,"https://static.www.nfl.com/image/upload/f_auto,q_auto/league/de3vz6xjjo9paba6encd"
00-0038933,Dalton Kincaid,TE,BUF,"https://static.www.nfl.com/image/upload/f_auto,q_auto/league/z7k857flehljboaixj8m"
00-0038935,Brenton Strange,TE,JAX,"https://static.www.nfl.com/image/upload/f_auto,q_auto/league/devxzxwf1sfficgncggm"
00-0038951,Sean Tucker,RB,TB,"https://static.www.nfl.com/image/upload/f_auto,q_auto/league/wiarwjvy8p6bojlratp4"
00-0038976,Marvin Mims Jr.,WR,DEN,"https://static.www.nfl.com/image/upload/f_auto,q_auto/league/zbdjtph5xplbf4yocz0l"
00-0038994,Jordan Addison,WR,MIN,"https://static.www.nfl.com/image/upload/f_auto,q_auto/league/mi4lzk9gvjrvo6rwdf1e"
00-0038996,Tucker Kraft,TE,GB,"https://static.www.nfl.com/image/upload/f_auto,q_auto/league/n6vu44jbq31rydoaadaq"
00-0038997,Josh Downs,WR,IND,"https://static.www.nfl.com/image/upload/f_auto,q_auto/league/z3wahaxpmc6d5lcxgh60"
00-0039021,Roschon Johnson,RB,CHI,"https://static.www.nfl.com/image/upload/f_auto,q_auto/league/xbham6uvckkshpntb8oj"
00-0039032,Tyjae Spears,RB,TEN,"https://static.www.nfl.com/image/upload/f_auto,q_auto/league/pkly3nkohty1tuijtwty"
00-0039040,De'Von Achane,RB,MIA,"https://static.www.nfl.com/image/upload/f_auto,q_auto/league/xk1xwio0bryfxo1ylweu"
00-0039041,Elijah Higgins,TE,ARI,"https://static.www.nfl.com/image/upload/f_auto,q_auto/league/qgvtaa0gekopg4ad6vqe"
00-0039050,Payne Durham,TE,TB,"https://static.www.nfl.com/image/upload/f_auto,q_auto/league/emibbexzjbzvopbvo1at"
00-0039062,Jonathan Mingo,WR,DAL,"https://static.www.nfl.com/image/upload/f_auto,q_auto/league/u2b8s2s0ix5hntyg3eog"
00-0039064,Zay Flowers,WR,BAL,"https://static.www.nfl.com/image/upload/f_auto,q_auto/league/xzhto2dejy2pflkfx40c"
00-0039065,Sam LaPorta,TE,DET,"https://static.www.nfl.com/image/upload/f_auto,q_auto/league/wxlk7ysg2nfq6h6ntdcu"
00-0039066,Michael Mayer,TE,LV,"https://static.www.nfl.com/image/upload/f_auto,q_auto/league/twnkr9uq1phvukxb5jmh"
00-0039067,Rashee Rice,WR,KC,"https://static.www.nfl.com/image/upload/f_auto,q_auto/league/qhkbqrydjeur8zvrrmfl"
00-0039139,Jahmyr Gibbs,RB,DET,"https://static.www.nfl.com/image/upload/f_auto,q_auto/league/cursejnmmp1i9hnxihkj"
00-0039146,Jayden Reed,WR,GB,"https://static.www.nfl.com/image/upload/f_auto,q_auto/league/uhb95fij1uo92ymqxpmg"
00-0039150,Bryce Young,QB,CAR,"https://static.www.nfl.com/image/upload/f_auto,q_auto/league/vcvhmxvxw2a3armle0af"
00-0039163,C.J. Stroud,QB,HOU,"https://static.www.nfl.com/image/upload/f_auto,q_auto/league/tt4zrtxlhifaljhj0rn7"
00-0039164,Anthony Richardson,QB,IND,"https://static.www.nfl.com/image/upload/f_auto,q_auto/league/wrddeyklfcgk9qybgofq"
00-0039172,Jake Bates,K,DET,"https://static.www.nfl.com/image/upload/f_auto,q_auto/league/umhfee7ax7r8gjdt8okb"
00-0039337,Malik Nabers,WR,NYG,"https://static.www.nfl.com/image/upload/f_auto,q_auto/league/w3edoyyuomqlovvp9ixc"
00-0039338,Brock Bowers,TE,LV,"https://static.www.nfl.com/image/upload/f_auto,q_auto/league/waorceny0ggpaeckaol8"
00-0039342,Xavier Legette,WR,CAR,"https://static.www.nfl.com/image/upload/f_auto,q_auto/league/yoyxkitrdqbkhyqncy5p"
00-0039344,Jonathon Brooks,RB,CAR,"https://static.www.nfl.com/image/upload/f_auto,q_auto/league/txl39rwjrs2fkm1shtxh"
00-0039355,Luke McCaffrey,WR,WAS,"https://static.www.nfl.com/image/upload/f_auto,q_auto/league/xtxiwlkniuldrqg65n3q"
00-0039356,Ja'Tavion Sanders,TE,CAR,"https://static.www.nfl.com/image/upload/f_auto,q_auto/league/le2akm1cbou170ioctxl"
00-0039359,Cade Stover,TE,HOU,"https://static.www.nfl.com/image/upload/f_auto,q_auto/league/ur3ihcg0rkeqbfiksj5y"
00-0039361,Bucky Irving,RB,TB,"https://static.www.nfl.com/image/upload/f_auto,q_auto/league/vkc00rvnix3f2b96vkwo"
00-0039364,Sione Vaki,RB,DET,"https://static.www.nfl.com/image/upload/f_auto,q_auto/league/abqcluf2gbejhiyjjtoz"
00-0039373,Audric Estimé,RB,NO,"https://static.www.nfl.com/image/upload/f_auto,q_auto/league/lcoend1mysjfhl8f4rrt"
00-0039376,Spencer Rattler,QB,NO,"https://static.www.nfl.com/image/upload/f_auto,q_auto/league/gcgmcf4kex3jsl4rlrng"
00-0039384,Tyrone Tracy Jr.,RB,NYG,"https://static.www.nfl.com/image/upload/f_auto,q_auto/league/b9nje50lohbprf06xoom"
00-0039391,Kimani Vidal,RB,LAC,"https://static.www.nfl.com/image/upload/f_auto,q_auto/league/tqdctdun0bv60d5ziwtl"
00-0039404,Will Reichard,K,MIN,"https://static.www.nfl.com/image/upload/f_auto,q_auto/league/wv1h4umuddkfss96uutw"
00-0039407,Dylan Laube,RB,LV,"https://static.www.nfl.com/image/upload/f_auto,q_auto/league/lpizdza73bgksstymv5t"
00-0039409,Cam Little,K,JAX,"https://static.www.nfl.com/image/upload/f_auto,q_auto/league/mc9goepr7mglrx6ek1fi"
00-0039410,Ryan Flournoy,WR,DAL,"https://static.www.nfl.com/image/upload/f_auto,q_auto/league/tqwq3cgpqu7j9hzoyicx"
00-0039424,Devaughn Vele,WR,NO,"https://static.www.nfl.com/image/upload/f_auto,q_auto/league/fa3dwsu8nxzkbf2knczm"
00-0039451,Isaiah Williams,WR,NYJ,"https://static.www.nfl.com/image/upload/f_auto,q_auto/league/rj2etltwzmlxyz1cfkeo"
00-0039491,Jalen Coker,WR,CAR,"https://static.www.nfl.com/image/upload/f_auto,q_auto/league/yynz8rxen6tsvhojggiv"
00-0039530,Brevyn Spann-Ford,TE,DAL,"https://static.www.nfl.com/image/upload/f_auto,q_auto/league/sko2pmuqociwa92ep1ad"
00-0039576,Spencer Shrader,K,IND,"https://static.www.nfl.com/image/upload/f_auto,q_auto/league/upbporhm1frqfpgalfrk"
00-0039589,Kameron Johnson,WR,TB,"https://static.www.nfl.com/image/upload/f_auto,q_auto/league/ms7auybbkq1nwbd2ev0d"
00-0039603,British Brooks,RB,HOU,"https://static.www.nfl.com/image/upload/f_auto,q_auto/league/jethzcwj6oeitvdprnk8"
00-0039648,David Martin-Robinson,TE,TEN,"https://static.www.nfl.com/image/upload/f_auto,q_auto/league/imh2h5q6jmoqno5xlpwm"
00-0039686,Colson Yankoff,TE,WAS,"https://static.www.nfl.com/image/upload/f_auto,q_auto/league/cgsxdjqy6l2zuqaftbd6"
00-0039732,Bo Nix,QB,DEN,"https://static.www.nfl.com/image/upload/f_auto,q_auto/league/zvo9xatffmqn9lnukpgk"
00-0039739,Roman Wilson,WR,PIT,"https://static.www.nfl.com/image/upload/f_auto,q_auto/league/xuhjoscmhmmsutbvfmrs"
00-0039746,Will Shipley,RB,PHI,"https://static.www.nfl.com/image/upload/f_auto,q_auto/league/pvpaepncsdfgzdubkuhg"
00-0039792,Devontez Walker,WR,BAL,"https://static.www.nfl.com/image/upload/f_auto,q_auto/league/x3x3k5ispk44ms0f7vrv"
00-0039794,Braelon Allen,RB,NYJ,"https://static.www.nfl.com/image/upload/f_auto,q_auto/league/fmpzgmfjmcbrv1gmqbdn"
00-0039796,Rasheen Ali,RB,BAL,"https://static.www.nfl.com/image/upload/f_auto,q_auto/league/zwjrkzu3ia3cfrwgotqt"
00-0039798,Isaiah Davis,RB,NYJ,"https://static.www.nfl.com/image/upload/f_auto,q_auto/league/x6r9a5xhtaklbvnqmtw7"
00-0039811,MarShawn Lloyd,RB,GB,"https://static.www.nfl.com/image/upload/f_auto,q_auto/league/xp8sd4enimuk4zd0aqgu"
00-0039814,Erick All,TE,CIN,"https://static.www.nfl.com/image/upload/f_auto,q_auto/league/ifkhcxze7lnxkpzjvsmk"
00-0039824,Jared Wiley,TE,KC,"https://static.www.nfl.com/image/upload/f_auto,q_auto/league/qbu14rgh4wchepqsrgb0"
00-0039847,Theo Johnson,TE,NYG,"https://static.www.nfl.com/image/upload/f_auto,q_auto/league/fv2jbzlocr1o3ahkru43"
00-0039074,Davis Allen,TE,LA,"https://static.www.nfl.com/image/upload/f_auto,q_auto/league/iweydtcrfchsl3mt6jtd"
00-0039075,Puka Nacua,WR,LA,"https://static.www.nfl.com/image/upload/f_auto,q_auto/league/ipy6qw7hdygdfc8k86ba"
00-0039849,Marvin Harrison Jr.,WR,ARI,"https://static.www.nfl.com/image/upload/f_auto,q_auto/league/hwpoo1icpnh8emjvqaii"
00-0039855,Jalen McMillan,WR,TB,"https://static.www.nfl.com/image/upload/f_auto,q_auto/league/s8tlj5wsi6cq8kjhp06v"
00-0039868,Troy Franklin,WR,DEN,"https://static.www.nfl.com/image/upload/f_auto,q_auto/league/wgfbgxjntyqzojpizgaj"
00-0039874,Jaylen Wright,RB,MIA,"https://static.www.nfl.com/image/upload/f_auto,q_auto/league/feeuommtlmpvuxvtb1zt"
00-0039875,Ray Davis,RB,BUF,"https://static.www.nfl.com/image/upload/f_auto,q_auto/league/xibwzhrl6q5xkgh3utug"
00-0039880,Malik Washington,WR,MIA,"https://static.www.nfl.com/image/upload/f_auto,q_auto/league/dmaiwnmaal9nrwfskl28"
00-0039890,Adonai Mitchell,WR,NYJ,"https://static.www.nfl.com/image/upload/f_auto,q_auto/league/hwwacoa3pqapd7pgahfx"
00-0039893,Brian Thomas Jr.,WR,JAX,"https://static.www.nfl.com/image/upload/f_auto,q_auto/league/plnekkriys4cm11rnxwl"
00-0039894,Xavier Worthy,WR,KC,"https://static.www.nfl.com/image/upload/f_auto,q_auto/league/u6fmnffwteccoxn3uguq"
00-0039901,Keon Coleman,WR,BUF,"https://static.www.nfl.com/image/upload/f_auto,q_auto/league/cm7g87waetksjouyjgvg"
00-0039910,Jayden Daniels,QB,WAS,"https://static.www.nfl.com/image/upload/f_auto,q_auto/league/gfz8k5onuqjrche9ogqc"
00-0039912,Ben Sinnott,TE,WAS,"https://static.www.nfl.com/image/upload/f_auto,q_auto/league/ilkrv6dqajndnlsbmv8f"
00-0039915,Ladd McConkey,WR,LAC,"https://static.www.nfl.com/image/upload/f_auto,q_auto/league/q2sk7yforrkiusvruo1o"
00-0039917,Michael Penix Jr.,QB,ATL,"https://static.www.nfl.com/image/upload/f_auto,q_auto/league/mip4kogkqxwkkya6mvmh"
00-0039918,Caleb Williams,QB,CHI,"https://static.www.nfl.com/image/upload/f_auto,q_auto/league/h4qs11kutwiw7whekmyt"
00-0039919,Rome Odunze,WR,CHI,"https://static.www.nfl.com/image/upload/f_auto,q_auto/league/niewdl2p2325kpohbw9v"
00-0039920,Malachi Corley,WR,CLE,"https://static.www.nfl.com/image/upload/f_auto,q_auto/league/lay1p8pvwrglmqorc6ev"
00-0039923,J.J. McCarthy,QB,MIN,"https://static.www.nfl.com/image/upload/f_auto,q_auto/league/omybnfokapjw6jwb5dd3"
00-0040014,Kyle McCord,QB,MIA,"https://static.www.nfl.com/image/upload/f_auto,q_auto/league/smdh2mmu457aammcblth"
00-0040024,Darius Cooper,WR,PHI,"https://static.www.nfl.com/image/upload/f_auto,q_auto/league/pe71oe4eoyyfnq80fkxc"
00-0040058,Nick Kallerup,TE,SEA,"https://static.www.nfl.com/image/upload/f_auto,q_auto/league/eetx8ba2ztsmk9wabbzp"
00-0040074,Tyler Loop,K,BAL,"https://static.www.nfl.com/image/upload/f_auto,q_auto/league/kbwixtntqevptepedhll"
00-0040075,LaJohntay Wester,WR,BAL,"https://static.www.nfl.com/image/upload/f_auto,q_auto/league/t6cyhtqoihm88xppswud"
00-0040078,Brashard Smith,RB,KC,"https://static.www.nfl.com/image/upload/f_auto,q_auto/league/xnf4x6b9a2yunsc0gaej"
00-0040081,Jake Briningstool,TE,KC,"https://static.www.nfl.com/image/upload/f_auto,q_auto/league/q7n84oth87v1glz5a5sz"
00-0040122,Ashton Jeanty,RB,LV,"https://static.www.nfl.com/image/upload/f_auto,q_auto/league/syspis1mntov9kgspb7r"
00-0040124,Tetairoa McMillan,WR,CAR,"https://static.www.nfl.com/image/upload/f_auto,q_auto/league/gilgvjemumd6kpc9eiku"
00-0040126,Colston Loveland,TE,CHI,"https://static.www.nfl.com/image/upload/f_auto,q_auto/league/cnxiyi76jeahgx94nh6d"
00-0040128,Tyler Warren,TE,IND,"https://static.www.nfl.com/image/upload/f_auto,q_auto/league/f1mfwwrr3qvnxuiackgq"
00-0040129,Emeka Egbuka,WR,TB,"https://static.www.nfl.com/image/upload/f_auto,q_auto/league/z224kbzs62rjuykc0vha"
00-0040134,Pat Bryant,WR,DEN,"https://static.www.nfl.com/image/upload/f_auto,q_auto/league/n91hznzkfpftxhqt1qd9"
00-0040138,Jaylin Noel,WR,HOU,"https://static.www.nfl.com/image/upload/f_auto,q_auto/league/ehlm8w4afdqoisx1e6as"
00-0040142,Kaleb Johnson,RB,GB,"https://static.www.nfl.com/image/upload/f_auto,q_auto/league/zpzc4oobxi8nr5dyonob"
00-0040154,Tai Felton,WR,MIN,"https://static.www.nfl.com/image/upload/f_auto,q_auto/league/pyritorbaz2enqayclln"
00-0040162,Dylan Sampson,RB,CLE,"https://static.www.nfl.com/image/upload/f_auto,q_auto/league/den1hzzomdxfcsgk88o5"
00-0040164,Jaylin Lane,WR,WAS,"https://static.www.nfl.com/image/upload/f_auto,q_auto/league/fa5ufxqxs3hzioih3cfb"
00-0040170,Elic Ayomanor,WR,TEN,"https://static.www.nfl.com/image/upload/f_auto,q_auto/league/jjmscqt6v4ecasveugoh"
00-0040172,Jordan Watkins,WR,SF,"https://static.www.nfl.com/image/upload/f_auto,q_auto/league/agcwewjrj4dfssqkzksp"
00-0040177,Jordan James,RB,SF,"https://static.www.nfl.com/image/upload/f_auto,q_auto/league/un9cfqnwdzugrcy8caoh"
00-0040179,DJ Giddens,RB,IND,"https://static.www.nfl.com/image/upload/f_auto,q_auto/league/y2vrgvb9kbvfpmyb3yzu"
00-0040184,KeAndre Lambert-Smith,WR,LAC,"https://static.www.nfl.com/image/upload/f_auto,q_auto/league/xhhzgylwh0ptvpaghnuu"
00-0040187,Mitchell Evans,TE,CAR,"https://static.www.nfl.com/image/upload/f_auto,q_auto/league/yruhsxdnyfaa7iswn1dp"
00-0040189,Oronde Gadsden II,TE,LAC,"https://static.www.nfl.com/image/upload/f_auto,q_auto/league/r8b4oghjwhw8x9nv1wbs"
00-0040194,Jackson Hawes,TE,BUF,"https://static.www.nfl.com/image/upload/f_auto,q_auto/league/gl3easmpg7rn6e5siya2"
00-0040198,Ollie Gordon II,RB,MIA,"https://static.www.nfl.com/image/upload/f_auto,q_auto/league/bv33rgypaauv7sealwkr"
00-0040203,Will Howard,QB,PIT,"https://static.www.nfl.com/image/upload/f_auto,q_auto/league/wzt7xj9ownxfit5igpcd"
00-0040206,Riley Leonard,QB,IND,"https://static.www.nfl.com/image/upload/f_auto,q_auto/league/okxcrf19ylc0hwfefmwl"
00-0040208,Tahj Brooks,RB,CIN,"https://static.www.nfl.com/image/upload/f_auto,q_auto/league/s89clgkij0ytcmrkdydt"
00-0040215,Gavin Bartholomew,TE,MIN,"https://static.www.nfl.com/image/upload/f_auto,q_auto/league/vezjblfvo9gduiyonlum"
00-0040218,Jimmy Horn Jr.,WR,CAR,"https://static.www.nfl.com/image/upload/f_auto,q_auto/league/gggcgfbghcft0xwxtrhk"
00-0040225,Thomas Fidone II,TE,NYG,"https://static.www.nfl.com/image/upload/f_auto,q_auto/league/vbaqpkcxcfwh9dhzescy"
00-0040234,Quinn Ewers,QB,JAX,"https://static.www.nfl.com/image/upload/f_auto,q_auto/league/bbcwyjuhyijtqe7jo274"
00-0040236,Kyle Monangai,RB,CHI,"https://static.www.nfl.com/image/upload/f_auto,q_auto/league/bkkk3uuouhcobydqawro"
00-0040237,Tez Johnson,WR,TB,"https://static.www.nfl.com/image/upload/f_auto,q_auto/league/ajbnpagviw0glrhf5a2e"
00-0040238,LeQuint Allen Jr.,RB,JAX,"https://static.www.nfl.com/image/upload/f_auto,q_auto/league/i0utigksuuvo2njb9wtk"
00-0040242,Jacory Croskey-Merritt,RB,WAS,"https://static.www.nfl.com/image/upload/f_auto,q_auto/league/qew4qhlj4yuf50voko61"
00-0040277,Jahdae Walker,WR,CHI,"https://static.www.nfl.com/image/upload/f_auto,q_auto/league/cr13mo2xrpdkksy8fveq"
00-0040279,Ryan Fitzgerald,K,CAR,"https://static.www.nfl.com/image/upload/f_auto,q_auto/league/giy8qnq6njxzwtqvqdsm"
00-0040363,Keleki Latu,TE,BUF,"https://static.www.nfl.com/image/upload/f_auto,q_auto/league/vebjjfyrrrbwaqjlyvun"
00-0040390,Jackson Meeks,TE,DET,"https://static.www.nfl.com/image/upload/f_auto,q_auto/league/ot3dsyhfhos9epmkqdip"
00-0040398,Brady Cook,QB,MIA,"https://static.www.nfl.com/image/upload/f_auto,q_auto/league/sk8u7zzg7e3t4vu7xesg"
00-0040466,Raheim Sanders,RB,CLE,"https://static.www.nfl.com/image/upload/f_auto,q_auto/league/bopoof9uczgpvpggeahp"
00-0040506,Myles Price,WR,MIN,"https://static.www.nfl.com/image/upload/f_auto,q_auto/league/yi2pgwujy0lv9l3m3sig"
00-0040509,Ben Yurosek,TE,MIN,"https://static.www.nfl.com/image/upload/f_auto,q_auto/league/q6ea6dqd4nn27aeihiv7"
00-0040534,Ke'Shawn Williams,WR,CIN,"https://static.www.nfl.com/image/upload/f_auto,q_auto/league/r7enwgccqv93feuoeurz"
00-0040563,Efton Chism III,WR,NE,"https://static.www.nfl.com/image/upload/f_auto,q_auto/league/zbnf3ujmwprzgjnwdtlo"
00-0040582,Arian Smith,WR,NYJ,"https://static.www.nfl.com/image/upload/f_auto,q_auto/league/asywvwrn6zhlidxothqn"
00-0040583,Woody Marks,RB,HOU,"https://static.www.nfl.com/image/upload/f_auto,q_auto/league/y5ntpcenhhhv98uz2fys"
00-0040584,Gunnar Helm,TE,TEN,"https://static.www.nfl.com/image/upload/f_auto,q_auto/league/hewm6ztgka7xkbl6ybvb"
00-0040589,Kurtis Rourke,QB,SF,"https://static.www.nfl.com/image/upload/f_auto,q_auto/league/rq4swf5c2ar45ljuc0w2"
00-0040598,Mark Redman,TE,GB,"https://static.www.nfl.com/image/upload/f_auto,q_auto/league/m20wrukxvkgbvs70qpai"
00-0040646,Jalen Royals,WR,KC,"https://static.www.nfl.com/image/upload/f_auto,q_auto/league/sqrid1hnmwqymcp2vxfx"
00-0040648,Tory Horton,WR,SEA,"https://static.www.nfl.com/image/upload/f_auto,q_auto/league/lmsun4qzmk1rkgt4kw76"
00-0040663,Harold Fannin Jr.,TE,CLE,"https://static.www.nfl.com/image/upload/f_auto,q_auto/league/fxublmpnxx9uggsddwik"
00-0040666,Omarion Hampton,RB,LAC,"https://static.www.nfl.com/image/upload/f_auto,q_auto/league/lf2jxvxnbexlinoydbej"
00-0040667,Matthew Golden,WR,GB,"https://static.www.nfl.com/image/upload/f_auto,q_auto/league/dbjki6b0swksr7mk17wk"
00-0040668,Shedeur Sanders,QB,CLE,"https://static.www.nfl.com/image/upload/f_auto,q_auto/league/joe08hz6to2madpko8zl"
00-0040669,Isaac TeSlaa,WR,DET,"https://static.www.nfl.com/image/upload/f_auto,q_auto/league/ducfhbiy2a8loytcjymn"
00-0040673,Jalen Milroe,QB,SEA,"https://static.www.nfl.com/image/upload/f_auto,q_auto/league/hohqoqpdyquxn1sr1fm2"
00-0040676,Cam Ward,QB,TEN,"https://static.www.nfl.com/image/upload/f_auto,q_auto/league/l7switu6stlwd2irm8yo"
00-0040691,Jaxson Dart,QB,NYG,"https://static.www.nfl.com/image/upload/f_auto,q_auto/league/n6uymxssgiicjmxkzxoc"
00-0040705,Chimere Dike,WR,TEN,"https://static.www.nfl.com/image/upload/f_auto,q_auto/league/cbcpv4931dqmgsu3anvo"
00-0040715,Cam Skattebo,RB,NYG,"https://static.www.nfl.com/image/upload/f_auto,q_auto/league/hlggiqdfvj1f4kntkafr"
00-0040718,Travis Hunter,WR,JAX,"https://static.www.nfl.com/image/upload/f_auto,q_auto/league/absw1gfqoiztajjagmf6"
00-0040719,Bhayshul Tuten,RB,JAX,"https://static.www.nfl.com/image/upload/f_auto,q_auto/league/ryjnphuyjbedmgpx5qqj"
00-0040727,Tre Harris,WR,LAC,"https://static.www.nfl.com/image/upload/f_auto,q_auto/league/v5ofh8jggzo8rygtpwl7"
00-0040729,Jack Bech,WR,LV,"https://static.www.nfl.com/image/upload/f_auto,q_auto/league/feplgtl0x1svqen9szwv"
00-0040730,RJ Harvey,RB,DEN,"https://static.www.nfl.com/image/upload/f_auto,q_auto/league/szxmro5enrxlscvv67xg"
00-0040784,Quinshon Judkins,RB,CLE,"https://static.www.nfl.com/image/upload/f_auto,q_auto/league/ojtce2im0wp2ltyel0vc"
00-0040785,Dohnte Meyers,WR,CIN,"https://static.www.nfl.com/image/upload/f_auto,q_auto/league/xkxpqhtebubkbv1irlkc"
00-0040867,Makai Lemon,WR,PHI,"https://static.www.nfl.com/image/upload/f_auto,q_auto/league/ys2i2o7c0bl36xvlrojz"
00-0040870,Ja'Kobi Lane,WR,BAL,"https://static.www.nfl.com/image/upload/f_auto,q_auto/league/gjezd2a8imfrxyv16wuj"
00-0040876,Elijah Sarratt,WR,BAL,"https://static.www.nfl.com/image/upload/f_auto,q_auto/league/rbtitvma6hjyotcajqtv"
00-0040890,Cyrus Allen,WR,KC,"https://static.www.nfl.com/image/upload/f_auto,q_auto/league/qput6hanukjbatuao8ca"
00-0040891,Cole Payton,QB,PHI,"https://static.www.nfl.com/image/upload/f_auto,q_auto/league/qt8hajjwkvpynr8nwepz"
00-0040894,Malik Benson,WR,LV,"https://static.www.nfl.com/image/upload/f_auto,q_auto/league/tndlq4zmq6r9nsvmzih6"
00-0040899,Trey Smack,K,GB,"https://static.www.nfl.com/image/upload/f_auto,q_auto/league/zierx6p09ilfe0o0ckj7"
00-0041013,Emmett Johnson,RB,KC,"https://static.www.nfl.com/image/upload/f_auto,q_auto/league/avdz4njz1slqn7ktqcuq"
00-0041027,Jeremiyah Love,RB,ARI,"https://static.www.nfl.com/image/upload/f_auto,q_auto/league/b12gtjsylmql5v7iyyla"
00-0041032,Kenyon Sadiq,TE,NYJ,"https://static.www.nfl.com/image/upload/f_auto,q_auto/league/mnswulwto4yqkgmugoiq"
00-0041035,De'Zhaun Stribling,WR,SF,"https://static.www.nfl.com/image/upload/f_auto,q_auto/league/eu1nxtlztiwr5ko48iwz"
00-0041037,Denzel Boston,WR,CLE,"https://static.www.nfl.com/image/upload/f_auto,q_auto/league/ybkny6eh5eegq3bqmony"
00-0041048,Ted Hurst III,WR,TB,"https://static.www.nfl.com/image/upload/f_auto,q_auto/league/mmf6qmo6a2evw4feupcm"
00-0041051,Zavion Thomas,WR,CHI,"https://static.www.nfl.com/image/upload/f_auto,q_auto/league/lhodk54zsmznu4yxjoux"
00-0041056,Cade Klubnik,QB,NYJ,"https://static.www.nfl.com/image/upload/f_auto,q_auto/league/sqsxavkryojbysy4kq85"
00-0040590,Konata Mumpfield,WR,LA,"https://static.www.nfl.com/image/upload/f_auto,q_auto/league/cehkowkvb4aujslmppbj"
00-0041052,Kaelon Black,RB,SF,"https://static.www.nfl.com/image/upload/f_auto,q_auto/league/nwgkzr1ysr32jc79zfnt"
00-0040734,TreVeyon Henderson,RB,NE,"https://static.www.nfl.com/image/upload/f_auto,q_auto/league/ebcjvwytgu2y4kqm8ihv"
00-0040735,Luther Burden III,WR,CHI,"https://static.www.nfl.com/image/upload/f_auto,q_auto/league/iyuwdz7pbowdkwzq2tg5"
00-0040736,Mason Taylor,TE,NYJ,"https://static.www.nfl.com/image/upload/f_auto,q_auto/league/xittx9gih104lw1atfiv"
00-0040739,Elijah Arroyo,TE,SEA,"https://static.www.nfl.com/image/upload/f_auto,q_auto/league/m5rdyemjoxl4cuz9yun8"
00-0040743,Tyler Shough,QB,NO,"https://static.www.nfl.com/image/upload/f_auto,q_auto/league/toiafc7qighw86geo7jf"
00-0040782,Isaiah Bond,WR,CLE,"https://static.www.nfl.com/image/upload/f_auto,q_auto/league/piv889pkizjvgrtpfkxm"
00-0040878,Mike Washington Jr.,RB,LV,"https://static.www.nfl.com/image/upload/f_auto,q_auto/league/ocdjq5ohmtgdghqdh5m4"
00-0040879,Matthew Hibner,TE,BAL,"https://static.www.nfl.com/image/upload/f_auto,q_auto/league/kkkia0wl2sqsjiwecde0"
00-0040886,Nicholas Singleton,RB,TEN,"https://static.www.nfl.com/image/upload/f_auto,q_auto/league/ztwqbc0s69cbz5ow0r0q"
00-0040887,Josh Cuevas,TE,BAL,"https://static.www.nfl.com/image/upload/f_auto,q_auto/league/maktufaiogxfm5ewjsi9"
00-0040906,Garrett Nussmeier,QB,KC,"https://static.www.nfl.com/image/upload/f_auto,q_auto/league/uyidfkzfhuqaks3pmdeo"
00-0040930,Camden Brown,WR,DAL,"https://static.www.nfl.com/image/upload/f_auto,q_auto/league/tvoztpalnmmattxhdaoa"
00-0040948,J. Michael Sturdivant,WR,GB,"https://static.www.nfl.com/image/upload/f_auto,q_auto/league/jpcewjixipg3iuu2ucyq"
00-0040981,Joe Fagnano,QB,BAL,"https://static.www.nfl.com/image/upload/f_auto,q_auto/league/p8uqfsnpx153mn3gjtd3"
00-0041040,Antonio Williams,WR,WAS,"https://static.www.nfl.com/image/upload/f_auto,q_auto/league/noywrsgaqoqlv64c12yw"
00-0041041,Oscar Delp,TE,NO,"https://static.www.nfl.com/image/upload/f_auto,q_auto/league/a7tu8cb3rnd5ncgbtok5"
00-0041042,Malachi Fields,WR,NYG,"https://static.www.nfl.com/image/upload/f_auto,q_auto/league/tpls1aptxx9x8xaqvjtj"
00-0041044,Zachariah Branch,WR,ATL,"https://static.www.nfl.com/image/upload/f_auto,q_auto/league/qwbo8lgyd85dlwnbznsc"
00-0041067,Bryce Lance,WR,NO,"https://static.www.nfl.com/image/upload/f_auto,q_auto/league/lzh0hbhllbouh97ffpp6"
00-0041069,Colbie Young,WR,CIN,"https://static.www.nfl.com/image/upload/f_auto,q_auto/league/n4irmipxyl87b6jmudte"
00-0041070,Reggie Virgil,WR,ARI,"https://static.www.nfl.com/image/upload/f_auto,q_auto/league/hmaylhc9nc2zmqjdw1ib"
00-0041077,Justin Joly,TE,MIA,"https://static.www.nfl.com/image/upload/f_auto,q_auto/league/vglffv5obtvktndulobu"
00-0041081,Max Bredeson,RB,MIN,"https://static.www.nfl.com/image/upload/f_auto,q_auto/league/fl3inwpzgb7fgzpaezw1"
00-0041084,Tanner Koziol,TE,JAX,"https://static.www.nfl.com/image/upload/f_auto,q_auto/league/yx0na9fufgv3snuyecbd"
00-0041094,Bauer Sharp,TE,TB,"https://static.www.nfl.com/image/upload/f_auto,q_auto/league/xqj8rk6okp7eobbv5hps"
00-0041096,Kaytron Allen,RB,WAS,"https://static.www.nfl.com/image/upload/f_auto,q_auto/league/vbhwkqty94alwjyz8cin"
00-0041099,Barion Brown,WR,NO,"https://static.www.nfl.com/image/upload/f_auto,q_auto/league/zakfmezzed4qotdrmbpc"
00-0041100,Josh Cameron,WR,JAX,"https://static.www.nfl.com/image/upload/f_auto,q_auto/league/jwb3wyhoqqq52mfiyxxc"
00-0041104,Demond Claiborne,RB,MIN,"https://static.www.nfl.com/image/upload/f_auto,q_auto/league/vmozbbdzgcaqq1yrixeb"
00-0040737,Terrance Ferguson,TE,LA,"https://static.www.nfl.com/image/upload/f_auto,q_auto/league/w5o0s5yf6j5dsmiwdtfg"
00-0041132,Deion Burks,WR,IND,"https://static.www.nfl.com/image/upload/f_auto,q_auto/league/mbejyq733jilg3bkpzur"
00-0041133,Dallen Bentley,TE,DEN,"https://static.www.nfl.com/image/upload/f_auto,q_auto/league/vaiszquqlgric9cfbwjf"
00-0041092,Taylen Green,QB,CLE,
00-0041106,C.J. Williams,WR,JAX,"https://static.www.nfl.com/image/upload/f_auto,q_auto/league/svmb2citno2f6zqc9qbm"
00-0041116,Jack Endries,TE,CIN,"https://static.www.nfl.com/image/upload/f_auto,q_auto/league/wxtev9zj048yzxk8ebfu"
00-0041117,Athan Kaliakmanis,QB,WAS,"https://static.www.nfl.com/image/upload/f_auto,q_auto/league/ahtbv63jyg8ampmyrxn9"
00-0041123,Behren Morton,QB,NE,"https://static.www.nfl.com/image/upload/f_auto,q_auto/league/st5s1urflg14hwvx8uzl"
00-0041125,Seth McGowan,RB,IND,"https://static.www.nfl.com/image/upload/f_auto,q_auto/league/qkwvvygwu9pan88sivzb"
00-0041131,Carsen Ryan,TE,CLE,"https://static.www.nfl.com/image/upload/f_auto,q_auto/league/qiqiqjw4vyhv2xpxt2np"
00-0041397,Kaden Wetjen,WR,PIT,"https://static.www.nfl.com/image/upload/f_auto,q_auto/league/s44clgjdvd1tuslyqimk"
00-0041398,Riley Nowakowski,TE,PIT,"https://static.www.nfl.com/image/upload/f_auto,q_auto/league/nhyd8plaetjoosbq1btb"
00-0041399,CJ Daniels,WR,LA,"https://static.www.nfl.com/image/upload/f_auto,q_auto/league/jqx2xj6xmri9hrjm8azc"
00-0041436,DJ Herman,RB,MIA,"https://static.www.nfl.com/image/upload/f_auto,q_auto/league/snacspvu9hic30y1vd8m"
00-0041438,Carnell Tate,WR,TEN,"https://static.www.nfl.com/image/upload/f_auto,q_auto/league/ghpmpzcnigxrdbyvcxke"
00-0041443,Skyler Bell,WR,BUF,"https://static.www.nfl.com/image/upload/f_auto,q_auto/league/oac3geuuhazbznztufzk"
00-0041472,Marlin Klein,TE,HOU,"https://static.www.nfl.com/image/upload/f_auto,q_auto/league/ek2nzhrwqxl6psbm2iic"
00-0041483,Eli Stowers,TE,PHI,"https://static.www.nfl.com/image/upload/f_auto,q_auto/league/c9rjqit3q5tm9hzkm5ay"
00-0041489,Germie Bernard,WR,PIT,"https://static.www.nfl.com/image/upload/f_auto,q_auto/league/rsbtypbsvxux94vokb5q"
00-0041490,Eli Heidenreich,RB,PIT,"https://static.www.nfl.com/image/upload/f_auto,q_auto/league/jhiyjb8jmjyzehmrrjoy"
00-0041496,Jonah Coleman,RB,DEN,"https://static.www.nfl.com/image/upload/f_auto,q_auto/league/qbauucaxakkhtxihuvmr"
00-0041503,Nate Boerkircher,TE,JAX,"https://static.www.nfl.com/image/upload/f_auto,q_auto/league/bxglkvzpx2y40u25xaso"
00-0041511,Omar Cooper Jr.,WR,NYJ,"https://static.www.nfl.com/image/upload/f_auto,q_auto/league/lmua2lbg0m77ibvydvaq"
00-0041395,Eli Raridon,TE,NE,"https://static.www.nfl.com/image/upload/f_auto,q_auto/league/tglrg0yek3kwrt8rqz5t"
00-0041512,Jadarian Price,RB,SEA,"https://static.www.nfl.com/image/upload/f_auto,q_auto/league/toy90i08oumgbdlvctja"
00-0041523,Caleb Douglas,WR,MIA,"https://static.www.nfl.com/image/upload/f_auto,q_auto/league/stwypvmutplwvi1zzbmu"
00-0041524,Will Kacmarek,TE,MIA,"https://static.www.nfl.com/image/upload/f_auto,q_auto/league/erqascuieblamkhf2vbs"
00-0041525,Chris Bell,WR,MIA,"https://static.www.nfl.com/image/upload/f_auto,q_auto/league/zgbku18zemqyryvyahd4"
00-0041529,Kevin Coleman Jr.,WR,MIA,"https://static.www.nfl.com/image/upload/f_auto,q_auto/league/nqqd4zjnxephjb4qziww"
00-0041547,KC Concepcion,WR,CLE,"https://static.www.nfl.com/image/upload/f_auto,q_auto/league/ztdyzyngqr1pexyghlt3"
00-0041550,Brenen Thompson,WR,LAC,"https://static.www.nfl.com/image/upload/f_auto,q_auto/league/khlvgjk60vz6ghkwpmak"
00-0041558,Sam Roush,TE,CHI,"https://static.www.nfl.com/image/upload/f_auto,q_auto/league/jqkmmguw4934lyjgvuip"
00-0041561,Carson Beck,QB,ARI,"https://static.www.nfl.com/image/upload/f_auto,q_auto/league/yvybqpgnezk75h9rpobv"
00-0041562,Fernando Mendoza,QB,LV,"https://static.www.nfl.com/image/upload/f_auto,q_auto/league/umygvel2pumkyvxt3jm9"
00-0041565,Drew Allar,QB,PIT,"https://static.www.nfl.com/image/upload/f_auto,q_auto/league/sphuqnfrtzwsgeugeycz"
00-0041568,Ty Simpson,QB,LA,
00-0041579,Seydou Traore,TE,MIA,"https://static.www.nfl.com/image/upload/f_auto,q_auto/league/kzpmm2zoctywb276zqt4"
DST_ARI,ARI D/ST,DST,ARI,
DST_ATL,ATL D/ST,DST,ATL,
DST_BAL,BAL D/ST,DST,BAL,
DST_BUF,BUF D/ST,DST,BUF,
DST_CAR,CAR D/ST,DST,CAR,
DST_CHI,CHI D/ST,DST,CHI,
DST_CIN,CIN D/ST,DST,CIN,
DST_CLE,CLE D/ST,DST,CLE,
DST_DAL,DAL D/ST,DST,DAL,
DST_DEN,DEN D/ST,DST,DEN,
DST_DET,DET D/ST,DST,DET,
